{
  "integrations": [
    {
      "id": "a04fdb6b-d703-44c1-9e63-8028e10c0ec5",
      "name": "Incident Alerts - Device Delivery Updates",
      "action": "RUN_SCRIPT",
      "type": "OUTBOUND_WEBHOOK",
      "triggeredBy": "DELIVERYSTATUS",
      "deployed": false,
      "form": "f37e5e44-a23e-40f5-b706-985cc55ffd14",
      "script": "/**\n * ---------------------------------------------------------------------------------------------------------------------\n * \n * Outbound Integration to send Device Delivery updates for the Incident Alerts form back to Remedy\n * \n * Required Constants (in addition to those required by any shared libraries, to be defined in this Comm Plan)\n *   none.\n * \n * Required Shared Libraries (to be included in this Comm Plan):\n *   util\n *   Remedy Rest Util\n *\n * Hisory\n *  Version: 1.0 (2018-10-02)\n *\n * ---------------------------------------------------------------------------------------------------------------------\n */\n\n// =====================================================================================================================\n// Load shared libraries\n// =====================================================================================================================\nvar rem = require('Remedy Rest Util');\nvar util = require('util');\n\n// =====================================================================================================================\n// Parse the payload data\n// =====================================================================================================================\nvar payload = JSON.parse(request.body);\nutil.fixPayload(payload);\n\n// Determine message based on status\nswitch (payload.deliveryStatus.toLowerCase()) {\n\n  case \"delivered\":\n    updateWorkInfo(payload, \"Notification delivered successfully to \" + payload.recipient + \" | \" + payload.device);\n    break;\n    \n  case \"failed\": \n    updateWorkInfo(payload, \"Unable to deliver notification to \" + payload.recipient + \" | \" + payload.device);\n    break;\n}\n\nfunction updateWorkInfo(payload, workInfo) {\n    \n    // Generate the API token (essentially login to Remedy ARS)\n    var token = rem.generateRemedyApiToken();\n    if (null === token) {\n        console.log('updateWorkInfo - !!! UNABLE TO RETRIEVE JWT Token from Remedy !!!');\n        throw 'updateWorkInfo - !!! UNABLE TO RETRIEVE JWT Token from Remedy !!!';\n    }\n\n    // Update the Work Info\n    var results = rem.addRemedyIncidentWorkInfo(token, payload.eventProperties.Request_ID, workInfo);\n    console.log(\"updateWorkInfo - results: \" + JSON.stringify(results,null,4));\n        \n    // Logout of Remedy via the Token\n    rem.logoutRemedyApiToken(token);\n    \n}\n",
      "environment": "ONPREMISE",
      "authType": "NONE"
    },
    {
      "id": "01198c16-bd96-496b-ad9f-6bcf7c6981f7",
      "name": "Incident Alerts - Event Comments",
      "action": "RUN_SCRIPT",
      "type": "OUTBOUND_WEBHOOK",
      "triggeredBy": "ANNOTATION",
      "deployed": false,
      "form": "f37e5e44-a23e-40f5-b706-985cc55ffd14",
      "script": "/**\n * ---------------------------------------------------------------------------------------------------------------------\n * \n * Outbound Integration to send Comments/Annotations for the Incident Alerts form back to Remedy\n * \n * Required Constants (in addition to those required by any shared libraries, to be defined in this Comm Plan)\n *   none.\n * \n * Required Shared Libraries (to be included in this Comm Plan):\n *   util\n *   Remedy Rest Util\n *\n * Hisory\n *  Version: 1.0 (2018-10-02)\n *\n * ---------------------------------------------------------------------------------------------------------------------\n */\n\n// =====================================================================================================================\n// Load shared libraries\n// =====================================================================================================================\nvar rem = require('Remedy Rest Util');\nvar util = require('util');\n\n// =====================================================================================================================\n// Parse the payload data\n// =====================================================================================================================\nvar payload = JSON.parse(request.body);\nutil.fixPayload(payload);\n\n// Generate the API token (essentially login to Remedy ARS)\nvar token = rem.generateRemedyApiToken();\nif (null === token) {\n    console.log('!!! UNABLE TO RETRIEVE JWT Token from Remedy !!!');\n    throw '!!! UNABLE TO RETRIEVE JWT Token from Remedy !!!';\n}\n\n// Update the Work Info\nvar comment = payload.author.firstName + ' ' + payload.author.lastName + ' said ' + payload.comment;\nvar results = rem.addRemedyIncidentWorkInfo(token, payload.eventProperties.Request_ID, comment);\nconsole.log(\"results: \" + JSON.stringify(results,null,4));\n\n// Logout of Remedy via the Token\nrem.logoutRemedyApiToken(token);\n",
      "environment": "ONPREMISE",
      "authType": "NONE"
    },
    {
      "id": "4e7ac988-fd61-494a-b241-61497d1fd983",
      "name": "Incident Alerts - Event Status Updates",
      "action": "RUN_SCRIPT",
      "type": "OUTBOUND_WEBHOOK",
      "triggeredBy": "STATUS",
      "deployed": false,
      "form": "f37e5e44-a23e-40f5-b706-985cc55ffd14",
      "script": "/**\n * ---------------------------------------------------------------------------------------------------------------------\n * \n * Outbound Integration to send Event Status updates for the Incident Alerts form back to Remedy\n * \n * Required Constants (in addition to those required by any shared libraries, to be defined in this Comm Plan)\n *   REMEDY_WS_USERNAME - Remedy REST Web Service Username\n * \n * Required Shared Libraries (to be included in this Comm Plan):\n *   util\n *   Remedy Rest Util\n *\n * Hisory\n *  Version: 1.0 (2018-10-02)\n *\n * ---------------------------------------------------------------------------------------------------------------------\n */\n\n// =====================================================================================================================\n// Load shared libraries\n// =====================================================================================================================\nvar rem = require('Remedy Rest Util');\nvar util = require('util');\n\n// =====================================================================================================================\n// Validate required constants\n// =====================================================================================================================\nutil.verifyConstants('REMEDY_WS_USERNAME');\n\n// =====================================================================================================================\n// Parse the payload data\n// =====================================================================================================================\nvar payload = JSON.parse(request.body);\nutil.fixPayload(payload);\n\n// Determine the type of status and update the work info accordingly\nswitch (payload.status) {\n    \n    case \"active\": // Event created\n        updateWorkInfo(payload, 'Event ' + payload.eventIdentifier + ' successfully created in xMatters');\n        break;\n        \n    case \"suspended\": // A user paused/suspended the event\n        updateWorkInfo(payload, 'Event ' + payload.eventIdentifier + ' was suspended in xMatters by ' + payload.username);\n        break;\n        \n    case \"terminated\": // Event expired - timed out\n        updateWorkInfo(payload, 'Event ' + payload.eventIdentifier + ' terminated');\n        break;\n        \n    case \"terminated_external\":\n        if (payload.username.equalsIgnoreCase(constants.REMEDY_WS_USERNAME)) {\n            console.log('incidentId [' + payload.eventProperties.Incident_Number + '] event terminated by the user that initiated the event. Ignored.');\n        } else {\n            updateWorkInfo(payload, 'Event ' + payload.eventIdentifier + ' manually terminated from within xMatters by ' + payload.username);\n        }\n        break;\n}\n\nfunction updateWorkInfo(payload, workInfo) {\n    \n    // Generate the API token (essentially login to Remedy ARS)\n    var token = rem.generateRemedyApiToken();\n    if (null === token) {\n        console.log('updateWorkInfo - !!! UNABLE TO RETRIEVE JWT Token from Remedy !!!');\n        throw 'updateWorkInfo - !!! UNABLE TO RETRIEVE JWT Token from Remedy !!!';\n    }\n\n    // Update the Work Info\n    var results = rem.addRemedyIncidentWorkInfo(token, payload.eventProperties.Request_ID, workInfo);\n    console.log(\"updateWorkInfo - results: \" + JSON.stringify(results,null,4));\n\n    // Logout of Remedy via the Token\n    rem.logoutRemedyApiToken(token);\n    \n}\n",
      "environment": "ONPREMISE",
      "authType": "NONE"
    },
    {
      "id": "7cbc465c-572e-4c50-8421-845f3aa70885",
      "name": "Incident Alerts - Notification Responses",
      "action": "RUN_SCRIPT",
      "type": "OUTBOUND_WEBHOOK",
      "triggeredBy": "RESPONSE",
      "deployed": false,
      "form": "f37e5e44-a23e-40f5-b706-985cc55ffd14",
      "script": "/**\n * ---------------------------------------------------------------------------------------------------------------------\n * \n * Outbound Integration to send Notification Responses for the Incident Alerts form back to Remedy\n * \n * Required Constants (in addition to those required by any shared libraries, to be defined in this Comm Plan)\n *   REMEDY_RESOLVED_RESOLUTION - Description set in the Resolution field.\n *   REMEDY_RESOLVED_RESOLUTION_METHOD - Method set in the Resolution Method field\n *   REMEDY_STATUS_IN_PROGRESS - Value put into the Status field upon Accept\n *   REMEDY_STATUS_REASON - Value entered into the Status_Reason field upon Resolution\n *   REMEDY_STATUS_RESOLVED - Value put into the Status field upon Resolution\n *   RESPONSE_ACTION_ACCEPT - Response Option representing Accept\n *   RESPONSE_ACTION_ACK - Response Option representing Acknowledgement (short)\n *   RESPONSE_ACTION_ACKNOWLEDGE - Response Option representing Acknowledgement (full)\n *   RESPONSE_ACTION_ANNOTATE - Response Option representing Annotate (comment)\n *   RESPONSE_ACTION_COMMENT - Response Option representing Comment\n *   RESPONSE_ACTION_IGNORE - Response Option representing Ignore (Escalate)\n *   RESPONSE_ACTION_RESOLVE - Response Option representing Resolve/Resolution\n * \n * Required Shared Libraries (to be included in this Comm Plan):\n *   util\n *   Remedy Rest Util\n *\n * Hisory\n *  Version: 1.0 (2018-10-02)\n *\n * ---------------------------------------------------------------------------------------------------------------------\n */\n\n// =====================================================================================================================\n// Load shared libraries\n// =====================================================================================================================\nvar rem = require('Remedy Rest Util');\nvar util = require('util');\n\n// =====================================================================================================================\n// Validate required constants\n// =====================================================================================================================\nutil.verifyConstants(\n    'REMEDY_RESOLVED_RESOLUTION,REMEDY_RESOLVED_RESOLUTION_METHOD,REMEDY_STATUS_IN_PROGRESS,REMEDY_STATUS_REASON,' +\n    'REMEDY_STATUS_RESOLVED,RESPONSE_ACTION_ACCEPT,RESPONSE_ACTION_ACK,RESPONSE_ACTION_ACKNOWLEDGE,' +\n    'RESPONSE_ACTION_ANNOTATE,RESPONSE_ACTION_COMMENT,RESPONSE_ACTION_IGNORE,RESPONSE_ACTION_RESOLVE');\n\n// =====================================================================================================================\n// Parse the payload data\n// =====================================================================================================================\nvar payload = JSON.parse(request.body);\nutil.fixPayload(payload);\n\n// Parse off the response token (first word)\nvar responseToken = payload.response.toLowerCase().split(\" \")[0];\nconsole.log('responseToken: ' + responseToken);\n\n// Process the response\nswitch (responseToken) {\n    \n    case constants.RESPONSE_ACTION_ACCEPT:\n        // Handle the \"Accept\" Response\n        processAccept(payload);\n        break;\n\n    case constants.RESPONSE_ACTION_ANNOTATE:\n    case constants.RESPONSE_ACTION_COMMENT:\n        // Handle the \"Annotate\" Response\n        console.log('Ignoring Annotate/Comment response... will be handled via the Comment trigger');\n        break;\n\n    case constants.RESPONSE_ACTION_ACK:\n    case constants.RESPONSE_ACTION_ACKNOWLEDGE:\n    case constants.RESPONSE_ACTION_IGNORE:\n        // Handle the \"Ack/Acknowledge/Ignore\" Response\n        processOther('Response ' + payload.response + \" received from \" + payload.recipient + \" | \" + payload.device);\n        break;\n        \n    case constants.RESPONSE_ACTION_RESOLVE:\n        // Handle the \"Resolve\" Response\n        processResolve(payload);\n        break;\n        \n    default:\n        console.log('!!! FATAL !!! - Recieved unknown response: ' + payload.response);\n        throw { name: \"HandleResponseException\", message: \"Unknown response [\" + payload.response + \"]\"};\n}\n\n\n/**\n * Private functions\n */\n\nfunction processAccept(payload) {\n    var values = null, results = null, comment = null;\n    \n    // Generate the API token (essentially login to Remedy ARS)\n    var token = rem.generateRemedyApiToken();\n    if (null === token) {\n        console.log('processAccept - !!! UNABLE TO RETRIEVE JWT Token from Remedy !!!');\n        throw { name: \"processAcceptException\", message: \"!!! UNABLE TO RETRIEVE JWT Token from Remedy !!!\"};\n    }\n\n    // Update the assigne\n    results = setAssignee(token, payload);\n    if (util.isValidStatusCode(results.statusCode)) {\n        \n        // Setup the payload for updating the status\n        values = {\n            \"values\": {\n                \"Status\": constants.REMEDY_STATUS_IN_PROGRESS\n                }\n            };\n        \n        // Update the status and work note\n        results = rem.modifyRemedyIncident(token, payload.eventProperties.Request_ID, values);\n        if (util.isValidStatusCode(results.statusCode)) {\n\n            // If successful, update the Work Info\n            comment = \"Incident status changed to \\\"\" + constants.REMEDY_STATUS_IN_PROGRESS + \"\\\"\";\n            results = rem.addRemedyIncidentWorkInfo(token, payload.eventProperties.Request_ID, comment);\n\n        } else {\n            console.log(\"processAccept - !!! UNABLE TO SET STATUS !!! After modifyRemedyIncident results: \" + JSON.stringify(results,null,4));\n        }\n\n    } else {\n        console.log(\"processAccept - !!! UNABLE TO SET ASSIGNEE !!! After modifyRemedyIncident results: \" + JSON.stringify(results,null,4));\n    }\n\n    // Logout of Remedy via the Token\n    rem.logoutRemedyApiToken(token);\n    \n}\n\nfunction setAssignee(token, payload) {\n    var values = null, valuesObj = {}, results = null;\n    \n    // Begin to formulate the payload\n    valuesObj[\"Assignee Login ID\"] = payload.recipient;\n    \n    // We want to update the incident to be assigned to the responder so let's get their details\n    var groupMemberInfoList = rem.retrieveRemedySupportGrpAssoc(token, \n        payload.recipient, \n        payload.eventProperties.Assigned_Support_Company, \n        payload.eventProperties.Assigned_Support_Organization, \n        payload.eventProperties.Assigned_Group);\n\n    // Process the results if we got any\n    if (null !== groupMemberInfoList) {\n\n        var defaultAssignment = null;\n        var found = false;\n\n        for (var gmil in groupMemberInfoList) {\n\n            var item = groupMemberInfoList[gmil].values;\n            valuesObj.Assignee = item['Full Name'];\n            valuesObj['Assigned Group ID'] = item['Support Group ID'];\n            console.log('setAssignee - Default: ' + item.Default);\n            \n            // Check to see if the current assignment info matches that in the incident...\n            if ((item.Company === payload.eventProperties.Assigned_Support_Company) &&\n                (item['Support Organization'] === payload.eventProperties.Assigned_Support_Organization) &&\n                (item['Support Group Name'] == payload.eventProperties.Assigned_Group)) {\n                // We have a match, so there is no need to update the incident\n                console.log('setAssignee - User is in the current assignment group...no change');\n                found = true;\n                break;\n            }\n\n            // Store the first default assignment information we come to...\n            if (item.Default === 'Yes' && defaultAssignment === null) {\n                console.log('setAssignee - Setting the default assigment information');\n                defaultAssignment = {};\n                defaultAssignment.Assigned_Support_Company = item.Company;\n                defaultAssignment.Assigned_Support_Organization = item['Support Organization'];\n                defaultAssignment.Assigned_Group = item['Support Group Name'];\n                defaultAssignment.Assigned_Group_ID = item['Support Group ID'];\n                console.log('setAssignee - Default Assignment: ' + JSON.stringify(defaultAssignment,null,4));\n            }\n\n        }\n        \n        // The assignment group was not found, so use the default...\n        if (!found) {\n            if (defaultAssignment === null) {\n              console.log('setAssignee - !!! FATAL !!! - Remedy user (' + payload.recipient + ') has no default assignment.');\n              throw 'setAssignee - Remedy user (' + payload.recipient + ') has no default assignment.';\n            }\n            \n            console.log('Updating the incident to use the default assignment');\n            valuesObj['Assigned Support Company'] = defaultAssignment.Assigned_Support_Company;\n            valuesObj['Assigned Support Organization'] = defaultAssignment.Assigned_Support_Organization;\n            valuesObj['Assigned Group'] = defaultAssignment.Assigned_Group;\n            valuesObj['Assigned Group ID'] = defaultAssignment.Assigned_Group_ID;\n        }\n\n    } else {\n        \n        // Lookup the person to get the assignee's full name\n        var assignee = payload.recipient;\n        var recip = util.getPerson(payload.recipient);\n        if (null !== recip) {\n            assignee = recip.firstName.trim() + \" \" + recip.lastName.trim();\n            valuesObj.Assignee = assignee;\n        }\n    }\n    \n    // Setup the payload\n    values = { \"values\": valuesObj };\n\n    // Update the assignee\n    results = rem.modifyRemedyIncident(token, payload.eventProperties.Request_ID, values);\n    if (util.isValidStatusCode(results.statusCode)) {\n        \n        // If successful, update the Work Info\n        var comment = 'Response ' + payload.response + ' received from ' + payload.recipient + ' | ' + payload.device;\n        results = rem.addRemedyIncidentWorkInfo(token, payload.eventProperties.Request_ID, comment);\n\n    }\n    return results;\n}\n\nfunction processResolve(payload) {\n    var values = null, results = null, comment = null;\n\n    // Generate the API token (essentially login to Remedy ARS)\n    var token = rem.generateRemedyApiToken();\n    if (null === token) {\n        console.log('processResolve - !!! UNABLE TO RETRIEVE JWT Token from Remedy !!!');\n        throw { name: \"processResolveException\", message: \"!!! UNABLE TO RETRIEVE JWT Token from Remedy !!!\"};\n    }\n\n    // Update the assignee\n    results = setAssignee(token, payload);\n    if (!util.isValidStatusCode(results.statusCode)) {\n        console.log(\"processResolve - !!! UNABLE TO UPDATE ASSIGNEE !!! After modifyRemedyIncident results: \" + JSON.stringify(results,null,4));\n    }\n\n    // Setup the payload to resolve the incident\n    values = {\n        \"values\": {\n            \"Resolution\": constants.REMEDY_RESOLVED_RESOLUTION,\n            \"Resolution Method\": constants.REMEDY_RESOLVED_RESOLUTION_METHOD,\n            \"Status\": constants.REMEDY_STATUS_RESOLVED,\n            \"Status_Reason\": constants.REMEDY_STATUS_REASON\n            }\n        };\n    \n    // Update the resolution status and work note\n    results = rem.modifyRemedyIncident(token, payload.eventProperties.Request_ID, values);\n    console.log(\"processResolve - modifyRemedyIncident results: \" + JSON.stringify(results,null,4));\n\n    // If successful, update the Work Info\n    if (util.isValidStatusCode(results.statusCode)) {\n        comment = 'Incident status changed to ' + constants.REMEDY_STATUS_RESOLVED + ' by ' + payload.recipient + ' | ' + payload.device;\n        results = rem.addRemedyIncidentWorkInfo(token, payload.eventProperties.Request_ID, comment);\n        console.log(\"processResolve - addRemedyIncidentWorkInfo results after status change: \" + JSON.stringify(results,null,4));\n    }\n\n    // Logout of Remedy via the Token\n    rem.logoutRemedyApiToken(token);\n    \n}\n\nfunction processOther(comment) {\n\n    // Generate the API token (essentially login to Remedy ARS)\n    var token = rem.generateRemedyApiToken();\n    if (null === token) {\n        console.log('processOther - !!! UNABLE TO RETRIEVE JWT Token from Remedy !!!');\n        throw { name: \"processOtherException\", message: \"!!! UNABLE TO RETRIEVE JWT Token from Remedy !!!\"};\n    }\n\n    // If successful, update the Work Info\n    var results = rem.addRemedyIncidentWorkInfo(token, payload.eventProperties.Request_ID, comment);\n\n    // Logout of Remedy via the Token\n    rem.logoutRemedyApiToken(token);\n    \n}\n",
      "environment": "ONPREMISE",
      "authType": "NONE"
    },
    {
      "id": "3583c75e-da22-4cbc-b9b1-c8c0c4217985",
      "name": "Incident Alerts with Bridge - Device Delivery Updates",
      "action": "RUN_SCRIPT",
      "type": "OUTBOUND_WEBHOOK",
      "triggeredBy": "DELIVERYSTATUS",
      "deployed": false,
      "form": "aaedf224-4d95-4668-be1b-94ba0d561aaa",
      "script": "/**\n * ---------------------------------------------------------------------------------------------------------------------\n * \n * Outbound Integration to send Device Delivery updates for the Incident Alerts with Bridge form back to Remedy\n * \n * Required Constants (in addition to those required by any shared libraries, to be defined in this Comm Plan)\n *   none.\n * \n * Required Shared Libraries (to be included in this Comm Plan):\n *   util\n *   Remedy Rest Util\n *\n * Hisory\n *  Version: 1.0 (2018-10-02)\n *\n * ---------------------------------------------------------------------------------------------------------------------\n */\n\n// =====================================================================================================================\n// Load shared libraries\n// =====================================================================================================================\nvar rem = require('Remedy Rest Util');\nvar util = require('util');\n\n// =====================================================================================================================\n// Parse the payload data\n// =====================================================================================================================\nvar payload = JSON.parse(request.body);\nutil.fixPayload(payload);\n\n// Determine message based on status\nswitch (payload.deliveryStatus.toLowerCase()) {\n\n  case \"delivered\":\n    updateWorkInfo(payload, \"Notification delivered successfully to \" + payload.recipient + \" | \" + payload.device);\n    break;\n    \n  case \"failed\": \n    updateWorkInfo(payload, \"Unable to deliver notification to \" + payload.recipient + \" | \" + payload.device);\n    break;\n}\n\nfunction updateWorkInfo(payload, workInfo) {\n    \n    // Generate the API token (essentially login to Remedy ARS)\n    var token = rem.generateRemedyApiToken();\n    if (null === token) {\n        console.log('updateWorkInfo - !!! UNABLE TO RETRIEVE JWT Token from Remedy !!!');\n        throw 'updateWorkInfo - !!! UNABLE TO RETRIEVE JWT Token from Remedy !!!';\n    }\n\n    // Update the Work Info\n    var results = rem.addRemedyIncidentWorkInfo(token, payload.eventProperties.Request_ID, workInfo);\n    console.log(\"updateWorkInfo - results: \" + JSON.stringify(results,null,4));\n        \n    // Logout of Remedy via the Token\n    rem.logoutRemedyApiToken(token);\n    \n}\n\n",
      "environment": "ONPREMISE",
      "authType": "NONE"
    },
    {
      "id": "8d9fd905-68de-42a5-b536-23772639cc14",
      "name": "Incident Alerts with Bridge - Event Comments",
      "action": "RUN_SCRIPT",
      "type": "OUTBOUND_WEBHOOK",
      "triggeredBy": "ANNOTATION",
      "deployed": false,
      "form": "aaedf224-4d95-4668-be1b-94ba0d561aaa",
      "script": "/**\n * ---------------------------------------------------------------------------------------------------------------------\n * \n * Outbound Integration to send Comments/Annotations for the Incident Alerts with Bridge form back to Remedy\n * \n * Required Constants (in addition to those required by any shared libraries, to be defined in this Comm Plan)\n *   none.\n * \n * Required Shared Libraries (to be included in this Comm Plan):\n *   util\n *   Remedy Rest Util\n *\n * Hisory\n *  Version: 1.0 (2018-10-02)\n *\n * ---------------------------------------------------------------------------------------------------------------------\n */\n\n// =====================================================================================================================\n// Load shared libraries\n// =====================================================================================================================\nvar rem = require('Remedy Rest Util');\nvar util = require('util');\n\n// =====================================================================================================================\n// Parse the payload data\n// =====================================================================================================================\nvar payload = JSON.parse(request.body);\nutil.fixPayload(payload);\n\n// Generate the API token (essentially login to Remedy ARS)\nvar token = rem.generateRemedyApiToken();\nif (null === token) {\n    console.log('!!! UNABLE TO RETRIEVE JWT Token from Remedy !!!');\n    throw '!!! UNABLE TO RETRIEVE JWT Token from Remedy !!!';\n}\n\n// Update the Work Info\nvar comment = payload.author.firstName + ' ' + payload.author.lastName + ' said ' + payload.comment;\nvar results = rem.addRemedyIncidentWorkInfo(token, payload.eventProperties.Request_ID, comment);\nconsole.log(\"results: \" + JSON.stringify(results,null,4));\n\n// Logout of Remedy via the Token\nrem.logoutRemedyApiToken(token);\n",
      "environment": "ONPREMISE",
      "authType": "NONE"
    },
    {
      "id": "e7a1270b-4b8f-479d-9393-49ab44fd4150",
      "name": "Incident Alerts with Bridge - Event Status Updates",
      "action": "RUN_SCRIPT",
      "type": "OUTBOUND_WEBHOOK",
      "triggeredBy": "STATUS",
      "deployed": false,
      "form": "aaedf224-4d95-4668-be1b-94ba0d561aaa",
      "script": "/**\n * ---------------------------------------------------------------------------------------------------------------------\n * \n * Outbound Integration to send Event Status updates for the Incident Alerts with Bridge form back to Remedy\n * \n * Required Constants (in addition to those required by any shared libraries, to be defined in this Comm Plan)\n *   REMEDY_WS_USERNAME - Remedy REST Web Service Username\n * \n * Required Shared Libraries (to be included in this Comm Plan):\n *   util\n *   Remedy Rest Util\n *\n * Hisory\n *  Version: 1.0 (2018-10-02)\n *\n * ---------------------------------------------------------------------------------------------------------------------\n */\n\n// =====================================================================================================================\n// Load shared libraries\n// =====================================================================================================================\nvar rem = require('Remedy Rest Util');\nvar util = require('util');\n\n// =====================================================================================================================\n// Validate required constants\n// =====================================================================================================================\nutil.verifyConstants('REMEDY_WS_USERNAME');\n\n// =====================================================================================================================\n// Parse the payload data\n// =====================================================================================================================\nvar payload = JSON.parse(request.body);\nutil.fixPayload(payload);\n\n// Determine the type of status and update the work info accordingly\nswitch (payload.status) {\n    \n    case \"active\": // Event created\n        updateWorkInfo(payload, 'Event ' + payload.eventIdentifier + ' successfully created in xMatters');\n        break;\n        \n    case \"suspended\": // A user paused/suspended the event\n        updateWorkInfo(payload, 'Event ' + payload.eventIdentifier + ' was suspended in xMatters by ' + payload.username);\n        break;\n        \n    case \"terminated\": // Event expired - timed out\n        updateWorkInfo(payload, 'Event ' + payload.eventIdentifier + ' terminated');\n        break;\n        \n    case \"terminated_external\":\n        if (payload.username.equalsIgnoreCase(constants.REMEDY_WS_USERNAME)) {\n            console.log('incidentId [' + payload.eventProperties.Incident_Number + '] event terminated by the user that initiated the event. Ignored.');\n        } else {\n            updateWorkInfo(payload, 'Event ' + payload.eventIdentifier + ' manually terminated from within xMatters by ' + payload.username);\n        }\n        break;\n}\n\nfunction updateWorkInfo(payload, workInfo) {\n    \n    // Generate the API token (essentially login to Remedy ARS)\n    var token = rem.generateRemedyApiToken();\n    if (null === token) {\n        console.log('updateWorkInfo - !!! UNABLE TO RETRIEVE JWT Token from Remedy !!!');\n        throw 'updateWorkInfo - !!! UNABLE TO RETRIEVE JWT Token from Remedy !!!';\n    }\n\n    // Update the Work Info\n    var results = rem.addRemedyIncidentWorkInfo(token, payload.eventProperties.Request_ID, workInfo);\n    console.log(\"updateWorkInfo - results: \" + JSON.stringify(results,null,4));\n\n    // Logout of Remedy via the Token\n    rem.logoutRemedyApiToken(token);\n    \n}\n",
      "environment": "ONPREMISE",
      "authType": "NONE"
    },
    {
      "id": "d5650a9a-aa6f-4d07-b93c-7516ec4fff27",
      "name": "Incident Alerts with Bridge - Notification Responses",
      "action": "RUN_SCRIPT",
      "type": "OUTBOUND_WEBHOOK",
      "triggeredBy": "RESPONSE",
      "deployed": false,
      "form": "aaedf224-4d95-4668-be1b-94ba0d561aaa",
      "script": "/**\n * ---------------------------------------------------------------------------------------------------------------------\n * \n * Outbound Integration to send Notification Responses for the Incident Alerts with Bridge Form back to Remedy\n * \n * Required Constants (in addition to those required by any shared libraries, to be defined in this Comm Plan)\n *   REMEDY_RESOLVED_RESOLUTION - Description set in the Resolution field.\n *   REMEDY_RESOLVED_RESOLUTION_METHOD - Method set in the Resolution Method field\n *   REMEDY_STATUS_IN_PROGRESS - Value put into the Status field upon Accept\n *   REMEDY_STATUS_REASON - Value entered into the Status_Reason field upon Resolution\n *   REMEDY_STATUS_RESOLVED - Value put into the Status field upon Resolution\n *   RESPONSE_ACTION_ACCEPT - Response Option representing Accept\n *   RESPONSE_ACTION_ACK - Response Option representing Acknowledgement (short)\n *   RESPONSE_ACTION_ACKNOWLEDGE - Response Option representing Acknowledgement (full)\n *   RESPONSE_ACTION_ANNOTATE - Response Option representing Annotate (comment)\n *   RESPONSE_ACTION_COMMENT - Response Option representing Comment\n *   RESPONSE_ACTION_IGNORE - Response Option representing Ignore (Escalate)\n *   RESPONSE_ACTION_JOIN - Response Option representing Join (Conference Bridge Only)\n *   RESPONSE_ACTION_RESOLVE - Response Option representing Resolve/Resolution\n * \n * Required Shared Libraries (to be included in this Comm Plan):\n *   util\n *   Remedy Rest Util\n *\n * Hisory\n *  Version: 1.0 (2018-10-02)\n *\n * ---------------------------------------------------------------------------------------------------------------------\n */\n\n// =====================================================================================================================\n// Load shared libraries\n// =====================================================================================================================\nvar rem = require('Remedy Rest Util');\nvar util = require('util');\n\n// =====================================================================================================================\n// Validate required constants\n// =====================================================================================================================\nutil.verifyConstants(\n    'REMEDY_RESOLVED_RESOLUTION,REMEDY_RESOLVED_RESOLUTION_METHOD,REMEDY_STATUS_IN_PROGRESS,REMEDY_STATUS_REASON,' +\n    'REMEDY_STATUS_RESOLVED,RESPONSE_ACTION_ACCEPT,RESPONSE_ACTION_ACK,RESPONSE_ACTION_ACKNOWLEDGE,' +\n    'RESPONSE_ACTION_ANNOTATE,RESPONSE_ACTION_COMMENT,RESPONSE_ACTION_IGNORE,RESPONSE_ACTION_JOIN,' +\n    'RESPONSE_ACTION_RESOLVE');\n\n// =====================================================================================================================\n// Parse the payload data\n// =====================================================================================================================\nvar payload = JSON.parse(request.body);\nutil.fixPayload(payload);\n\n// Parse off the response token (first word)\nvar responseToken = payload.response.toLowerCase().split(\" \")[0];\nconsole.log('responseToken: ' + responseToken);\n\n// Process the response\nswitch (responseToken) {\n    \n    case constants.RESPONSE_ACTION_ACCEPT:\n        // Handle the \"Accept\" Response\n        processAccept(payload);\n        break;\n\n    case constants.RESPONSE_ACTION_ANNOTATE:\n    case constants.RESPONSE_ACTION_COMMENT:\n        // Handle the \"Annotate\" Response\n        console.log('Ignoring Annotate/Comment response... will be handled via the Comment trigger');\n        break;\n\n    case constants.RESPONSE_ACTION_ACK:\n    case constants.RESPONSE_ACTION_ACKNOWLEDGE:\n    case constants.RESPONSE_ACTION_IGNORE:\n    case constants.RESPONSE_ACTION_JOIN:\n        // Handle the \"Ack/Acknowledge/Ignore/Join\" Response\n        processOther('Response ' + payload.response + \" received from \" + payload.recipient + \" | \" + payload.device);\n        break;\n        \n    case constants.RESPONSE_ACTION_RESOLVE:\n        // Handle the \"Resolve\" Response\n        processResolve(payload);\n        break;\n        \n    default:\n        console.log('!!! FATAL !!! - Recieved unknown response: ' + payload.response);\n        throw { name: \"HandleResponseException\", message: \"Unknown response [\" + payload.response + \"]\"};\n}\n\n\n/**\n * Private functions\n */\n\nfunction processAccept(payload) {\n    var values = null, results = null, comment = null;\n    \n    // Generate the API token (essentially login to Remedy ARS)\n    var token = rem.generateRemedyApiToken();\n    if (null === token) {\n        console.log('processAccept - !!! UNABLE TO RETRIEVE JWT Token from Remedy !!!');\n        throw { name: \"processAcceptException\", message: \"!!! UNABLE TO RETRIEVE JWT Token from Remedy !!!\"};\n    }\n\n    // Update the assigne\n    results = setAssignee(token, payload);\n    if (util.isValidStatusCode(results.statusCode)) {\n        \n        // Setup the payload for updating the status\n        values = {\n            \"values\": {\n                \"Status\": constants.REMEDY_STATUS_IN_PROGRESS\n                }\n            };\n        \n        // Update the status and work note\n        results = rem.modifyRemedyIncident(token, payload.eventProperties.Request_ID, values);\n        if (util.isValidStatusCode(results.statusCode)) {\n\n            // If successful, update the Work Info\n            comment = \"Incident status changed to \\\"\" + constants.REMEDY_STATUS_IN_PROGRESS + \"\\\"\";\n            results = rem.addRemedyIncidentWorkInfo(token, payload.eventProperties.Request_ID, comment);\n\n        } else {\n            console.log(\"processAccept - !!! UNABLE TO SET STATUS !!! After modifyRemedyIncident results: \" + JSON.stringify(results,null,4));\n        }\n\n    } else {\n        console.log(\"processAccept - !!! UNABLE TO SET ASSIGNEE !!! After modifyRemedyIncident results: \" + JSON.stringify(results,null,4));\n    }\n\n    // Logout of Remedy via the Token\n    rem.logoutRemedyApiToken(token);\n    \n}\n\nfunction setAssignee(token, payload) {\n    var values = null, valuesObj = {}, results = null;\n    \n    // Begin to formulate the payload\n    valuesObj[\"Assignee Login ID\"] = payload.recipient;\n    \n    // We want to update the incident to be assigned to the responder so let's get their details\n    var groupMemberInfoList = rem.retrieveRemedySupportGrpAssoc(token, \n        payload.recipient, \n        payload.eventProperties.Assigned_Support_Company, \n        payload.eventProperties.Assigned_Support_Organization, \n        payload.eventProperties.Assigned_Group);\n\n    // Process the results if we got any\n    if (null !== groupMemberInfoList) {\n\n        var defaultAssignment = null;\n        var found = false;\n\n        for (var gmil in groupMemberInfoList) {\n\n            var item = groupMemberInfoList[gmil].values;\n            valuesObj.Assignee = item['Full Name'];\n            valuesObj['Assigned Group ID'] = item['Support Group ID'];\n            console.log('setAssignee - Default: ' + item.Default);\n            \n            // Check to see if the current assignment info matches that in the incident...\n            if ((item.Company === payload.eventProperties.Assigned_Support_Company) &&\n                (item['Support Organization'] === payload.eventProperties.Assigned_Support_Organization) &&\n                (item['Support Group Name'] == payload.eventProperties.Assigned_Group)) {\n                // We have a match, so there is no need to update the incident\n                console.log('setAssignee - User is in the current assignment group...no change');\n                found = true;\n                break;\n            }\n\n            // Store the first default assignment information we come to...\n            if (item.Default === 'Yes' && defaultAssignment === null) {\n                console.log('setAssignee - Setting the default assigment information');\n                defaultAssignment = {};\n                defaultAssignment.Assigned_Support_Company = item.Company;\n                defaultAssignment.Assigned_Support_Organization = item['Support Organization'];\n                defaultAssignment.Assigned_Group = item['Support Group Name'];\n                defaultAssignment.Assigned_Group_ID = item['Support Group ID'];\n                console.log('setAssignee - Default Assignment: ' + JSON.stringify(defaultAssignment,null,4));\n            }\n\n        }\n        \n        // The assignment group was not found, so use the default...\n        if (!found) {\n            if (defaultAssignment === null) {\n              console.log('setAssignee - !!! FATAL !!! - Remedy user (' + payload.recipient + ') has no default assignment.');\n              throw 'setAssignee - Remedy user (' + payload.recipient + ') has no default assignment.';\n            }\n            \n            console.log('Updating the incident to use the default assignment');\n            valuesObj['Assigned Support Company'] = defaultAssignment.Assigned_Support_Company;\n            valuesObj['Assigned Support Organization'] = defaultAssignment.Assigned_Support_Organization;\n            valuesObj['Assigned Group'] = defaultAssignment.Assigned_Group;\n            valuesObj['Assigned Group ID'] = defaultAssignment.Assigned_Group_ID;\n        }\n\n    } else {\n        \n        // Lookup the person to get the assignee's full name\n        var assignee = payload.recipient;\n        var recip = util.getPerson(payload.recipient);\n        if (null !== recip) {\n            assignee = recip.firstName.trim() + \" \" + recip.lastName.trim();\n            valuesObj.Assignee = assignee;\n        }\n    }\n    \n    // Setup the payload\n    values = { \"values\": valuesObj };\n\n    // Update the assignee\n    results = rem.modifyRemedyIncident(token, payload.eventProperties.Request_ID, values);\n    if (util.isValidStatusCode(results.statusCode)) {\n        \n        // If successful, update the Work Info\n        var comment = 'Response ' + payload.response + ' received from ' + payload.recipient + ' | ' + payload.device;\n        results = rem.addRemedyIncidentWorkInfo(token, payload.eventProperties.Request_ID, comment);\n\n    }\n    return results;\n}\n\nfunction processResolve(payload) {\n    var values = null, results = null, comment = null;\n\n    // Generate the API token (essentially login to Remedy ARS)\n    var token = rem.generateRemedyApiToken();\n    if (null === token) {\n        console.log('processResolve - !!! UNABLE TO RETRIEVE JWT Token from Remedy !!!');\n        throw { name: \"processResolveException\", message: \"!!! UNABLE TO RETRIEVE JWT Token from Remedy !!!\"};\n    }\n\n    // Update the assignee\n    results = setAssignee(token, payload);\n    if (!util.isValidStatusCode(results.statusCode)) {\n        console.log(\"processResolve - !!! UNABLE TO UPDATE ASSIGNEE !!! After modifyRemedyIncident results: \" + JSON.stringify(results,null,4));\n    }\n\n    // Setup the payload to resolve the incident\n    values = {\n        \"values\": {\n            \"Resolution\": constants.REMEDY_RESOLVED_RESOLUTION,\n            \"Resolution Method\": constants.REMEDY_RESOLVED_RESOLUTION_METHOD,\n            \"Status\": constants.REMEDY_STATUS_RESOLVED,\n            \"Status_Reason\": constants.REMEDY_STATUS_REASON\n            }\n        };\n    \n    // Update the resolution status and work note\n    results = rem.modifyRemedyIncident(token, payload.eventProperties.Request_ID, values);\n    console.log(\"processResolve - modifyRemedyIncident results: \" + JSON.stringify(results,null,4));\n\n    // If successful, update the Work Info\n    if (util.isValidStatusCode(results.statusCode)) {\n        comment = 'Incident status changed to ' + constants.REMEDY_STATUS_RESOLVED + ' by ' + payload.recipient + ' | ' + payload.device;\n        results = rem.addRemedyIncidentWorkInfo(token, payload.eventProperties.Request_ID, comment);\n        console.log(\"processResolve - addRemedyIncidentWorkInfo results after status change: \" + JSON.stringify(results,null,4));\n    }\n\n    // Logout of Remedy via the Token\n    rem.logoutRemedyApiToken(token);\n    \n}\n\nfunction processOther(comment) {\n\n    // Generate the API token (essentially login to Remedy ARS)\n    var token = rem.generateRemedyApiToken();\n    if (null === token) {\n        console.log('processOther - !!! UNABLE TO RETRIEVE JWT Token from Remedy !!!');\n        throw { name: \"processOtherException\", message: \"!!! UNABLE TO RETRIEVE JWT Token from Remedy !!!\"};\n    }\n\n    // If successful, update the Work Info\n    var results = rem.addRemedyIncidentWorkInfo(token, payload.eventProperties.Request_ID, comment);\n\n    // Logout of Remedy via the Token\n    rem.logoutRemedyApiToken(token);\n    \n}\n",
      "environment": "ONPREMISE",
      "authType": "NONE"
    },
    {
      "id": "e8a69294-19c9-49fd-9093-06c1ffbd98a5",
      "name": "Initiate Incident Alerts Form",
      "action": "CREATE_EVENT_SIMPLE",
      "type": "INBOUND_WEBHOOK",
      "deployed": true,
      "form": "f37e5e44-a23e-40f5-b706-985cc55ffd14",
      "script": "var plan_id = '02e6d078-3d65-4a88-aac4-7a5cac067beb', form_id = 'f37e5e44-a23e-40f5-b706-985cc55ffd14';\nvar xm_ver = 1;\n\nvar endpointpath = '/api/xm/' + xm_ver + '/plans/' + plan_id + '/forms/' + form_id + '/triggers';\n\nvar req = http.request({\n    method: 'POST',\n    endpoint: 'xMatters',\n    path: endpointpath,\n    headers: {\n        'Content-Type': 'application/json',\n    }\n});\n\n// Add requestId to payload\nvar payload = JSON.parse(request.body);\nif (!payload) {\n    payload = {};\n}\npayload.requestId = request.requestId;\npayload.integrationUUID = request.integrationUuid;\n\nvar response = req.write(payload);\n\n// If not 2xx response, throw exception to fail the integration\nif (response.statusCode >= 300) {\n    throw \"Failed to make call to xMatters endpoint. Path: \" + endpointpath + \". Server responded with status \" + response.statusCode;\n}\n\n",
      "environment": "HOSTED",
      "authType": "ANY"
    },
    {
      "id": "c7a99c60-ab67-48cc-94a6-24167e51afe5",
      "name": "Initiate Incident Alerts with Bridge Form",
      "action": "CREATE_EVENT_SIMPLE",
      "type": "INBOUND_WEBHOOK",
      "deployed": true,
      "form": "aaedf224-4d95-4668-be1b-94ba0d561aaa",
      "script": "var plan_id = '02e6d078-3d65-4a88-aac4-7a5cac067beb', form_id = 'aaedf224-4d95-4668-be1b-94ba0d561aaa';\nvar xm_ver = 1;\n\nvar endpointpath = '/api/xm/' + xm_ver + '/plans/' + plan_id + '/forms/' + form_id + '/triggers';\n\nvar req = http.request({\n    method: 'POST',\n    endpoint: 'xMatters',\n    path: endpointpath,\n    headers: {\n        'Content-Type': 'application/json',\n    }\n});\n\n// Add requestId to payload\nvar payload = JSON.parse(request.body);\nif (!payload) {\n    payload = {};\n}\npayload.requestId = request.requestId;\npayload.integrationUUID = request.integrationUuid;\n\nvar response = req.write(payload);\n\n// If not 2xx response, throw exception to fail the integration\nif (response.statusCode >= 300) {\n    throw \"Failed to make call to xMatters endpoint. Path: \" + endpointpath + \". Server responded with status \" + response.statusCode;\n}\n\n",
      "environment": "HOSTED",
      "authType": "ANY"
    },
    {
      "id": "18e492e9-c728-4fc6-9ae4-151e5e59ba67",
      "name": "Trigger Remedy Alert - Inbound WebHook",
      "action": "RUN_SCRIPT",
      "type": "INBOUND_WEBHOOK",
      "deployed": true,
      "script": "/**\n * ---------------------------------------------------------------------------------------------------------------------\n * \n * Inbound webhook to trigger an alert from Remedy (sent from the Integration Agent)\n * \n * Required Constants (in addition to those required by any shared libraries, to be defined in this Comm Plan)\n *   REMEDY_FORM_CRITERIA - JSON Array containing objects with property values that when matched cause a particular form to be used.\n *   REMEDY_FORM_INFO - JSON Object representing the Forms in this Comm Plan, their name, trigger URL, and response options\n *   REMEDY_FQDN - The fully qualified domain name of the Remedy Mid Tier server\n *   REMEDY_SERVER_NAME - The logical server name to target in Remedy\n * \n * Required Shared Libraries (to be included in this Comm Plan):\n *   util\n *   Remedy Rest Util\n *\n * Hisory\n *  Version: 1.0 (2018-10-08)\n *\n * ---------------------------------------------------------------------------------------------------------------------\n */\n\n// =====================================================================================================================\n// Load shared libraries\n// =====================================================================================================================\nvar rem = require('Remedy Rest Util');\nvar util = require('util');\n\n// =====================================================================================================================\n// Validate required constants\n// =====================================================================================================================\nutil.verifyConstants('REMEDY_FORM_CRITERIA,REMEDY_FORM_INFO,REMEDY_FQDN,REMEDY_SERVER_NAME');\n\n// =====================================================================================================================\n// Local constants and variables\n// =====================================================================================================================\nvar logPrefix = 'Trigger Remedy Alert - ';\nvar trigger = {};\n\n// =====================================================================================================================\n// Parse data from incoming payload\n// \n// We are going to ignore anything other than properties.\n// The callbacks will be handled via configuration of the Outbound Notifications\n// The Priority, Recipients, Response Options and Conf Bridge are handled in-line\n// =====================================================================================================================\nvar data = JSON.parse(request.body);\nconsole.log('data = [' + JSON.stringify(data,null,4) + ']');\n\n// =====================================================================================================================\n// Get Properties\n// =====================================================================================================================\nvar properties = null;\nconsole.log(logPrefix + 'data.properties = [' + JSON.stringify(data.properties) + ']');\nif (data.properties && (data.properties !== undefined)) {\n    properties = data.properties;\n    // Make sure that the incident_number and request_id are present\n    if (typeof properties.incident_number === \"undefined\") {\n        console.log(logPrefix + \"!!! FATAL !!! - incident_number not present in payload from Remedy\");\n        throw logPrefix + \"!!! FATAL !!! - incident_number not present in payload from Remedy\";\n    }\n    if (typeof properties.request_id === \"undefined\") {\n        console.log(logPrefix + \"!!! FATAL !!! - request_id not present in payload from Remedy\");\n        throw logPrefix + \"!!! FATAL !!! - request_id not present in payload from Remedy\";\n    }\n    var incidentId = properties.incident_number;\n} else {\n    console.log(logPrefix + '!!! FATAL !!! - data.properties is missing.  Unable to continue!');\n    throw logPrefix + '!!! FATAL !!! - data.properties is missing.  Unable to continue!';\n}\n\n// =====================================================================================================================\n// Assign xM_ROD_Action value for single-form targeting\n// =====================================================================================================================\nswitch (properties.triggertype) {\n\tcase \"New Incident Alerts\" :\n\t\tproperties.xM_ROD_Action = \"Initial\";\n\t\tbreak;\n\tcase \"Incident Priority Upgrade Alerts\" :\n\t\tproperties.xM_ROD_Action = \"Upgraded\";\n\t\tbreak;\n\tcase \"Incident Priority Downgrade Alerts\" :\n\t\tproperties.xM_ROD_Action = \"Downgraded\";\n\t\tbreak;\n\tcase \"Reopened Incident Alerts\" :\n\t\tproperties.xM_ROD_Action = \"Reopened\";\n\t\tbreak;\n\tcase \"Reassigned Incident Alerts\" :\n\t\tproperties.xM_ROD_Action = \"Reassigned\";\n\t\tbreak;\n\tcase \"SLM Alerts\" :\n\t\tproperties.xM_ROD_Action = String(trigger.properties.SLM_Status);\n\t\tbreak;\n\tdefault :\n\t\tproperties.xM_ROD_Action = \"\";\n}\n\n// =====================================================================================================================\n// Set the xMatters Priority based on the Remedy Priority level\n// =====================================================================================================================\nswitch (properties.priority.toLowerCase()) {\n\tcase \"critical\" :\n\t\ttrigger.priority = \"HIGH\";\n\t\tproperties.Priority_Short = \"P1\";\n\t\tproperties.Priority_Short_List = \"P1\";\n\t\tbreak;\n\tcase \"high\" :\n\t\ttrigger.priority = \"HIGH\";\n\t\tproperties.Priority_Short = \"P2\";\n\t\tproperties.Priority_Short_List = \"P2\";\n\t\tbreak;\n\tcase \"medium\" :\n\t\ttrigger.priority = \"MEDIUM\";\n\t\tproperties.Priority_Short = \"P3\";\n\t\tproperties.Priority_Short_List = \"P3\";\n\t\tbreak;\n\tdefault :\n\t\ttrigger.priority = \"LOW\";\n\t\tproperties.Priority_Short = \"P4\";\n\t\tproperties.Priority_Short_List = \"P4\";\n\t\tbreak;\n}\n\n// =====================================================================================================================\n// Create ticket link\n// =====================================================================================================================\nproperties.ticketLink = rem.constructTicketLink(constants.REMEDY_FQDN, constants.REMEDY_SERVER_NAME, properties.entry_id);\n\n// =====================================================================================================================\n// Add properties to trigger\n// =====================================================================================================================\ntrigger.properties = properties;\n\n// =====================================================================================================================\n// If the constant OPT_DEL_EXISTING_EVENTS is set to \"true\", delete events prior to injection\n// =====================================================================================================================\nif (constants.OPT_DEL_EXISTING_EVENTS.toLowerCase() === \"true\") {\n\tconsole.log(\"ROD Incident - deleting incident [\" + incidentId + \"]\");\n\tvar success = util.terminateEvents({ 'Incident_Number#en' : incidentId });\n\tconsole.log((success?\"Successfully\":\"Unsuccessfully\") + \" TERMINATED Events for Incident Number: \" + incidentId);\n}\n\n// =====================================================================================================================\n// Determine which URL\n// =====================================================================================================================\nvar urlInfo = util.resolveForm(constants.REMEDY_FORM_INFO, constants.REMEDY_FORM_CRITERIA, trigger.properties);\nif (null === urlInfo) {\n    console.log(logPrefix + \"!!!! FATAL !!!! - Could not resolve target form info.  Call to util.resolveForm failed.\");\n    throw logPrefix + \"!!!! FATAL !!!! - Could not resolve target form info.  Call to util.resolveForm failed.\";\n}\n\n// =====================================================================================================================\n// See if we need to add a conference section\n// =====================================================================================================================\nprocessConferenceBridge(trigger, urlInfo);\n\n// =====================================================================================================================\n// Determine Recipients and response options\n// =====================================================================================================================\nvar recipients = [];\nconsole.log(logPrefix + 'properties.assigned_group = [' + properties.assigned_group + ']' + 'properties.assignee_login_id = [' + properties.assignee_login_id + ']');\nif ((typeof properties.assignee_login_id === \"undefined\") || (properties.assignee_login_id === null) || (properties.assignee_login_id === \"\")) {\n    if ((typeof properties.assigned_group !== \"undefined\") && (properties.assigned_group !== null) && (properties.assigned_group !== \"\")) {\n        recipients.push({\"recipientType\": \"GROUP\",\"id\": rem.buildXmattersGroupName(properties.assigned_support_company, properties.assigned_support_organization, properties.assigned_group)});\n        trigger.recipients = recipients;\n        trigger.responseOptions = urlInfo.groupResponseOptions;\n    }\n} else {\n    recipients.push({\"recipientType\": \"PERSON\",\"id\": properties.assignee_login_id});\n    trigger.recipients = recipients;\n    trigger.responseOptions = urlInfo.userResponseOptions;\n}\n\n// =====================================================================================================================\n// Prepare the form request object\n// =====================================================================================================================\nvar postFormRequest = http.request({\n    'endpoint': 'xMatters',\n    'path': urlInfo.formURL,\n    'method': 'POST',\n    'headers' : {\n        'Content-Type': 'application/json'\n    }\n});\n    \n// =====================================================================================================================\n// Initiate the event\n// =====================================================================================================================\nconsole.log(logPrefix + \"DEBUG - trigger: \" + JSON.stringify(trigger,null,4));\nvar postFormResponse = postFormRequest.write(trigger);\nconsole.log(logPrefix + \"postFormResponse: \" + JSON.stringify(postFormResponse,null,4));\nif (! util.isValidStatusCode(postFormResponse.statusCode)) {\n    console.log(logPrefix + \"Error submitting notification: \" + postFormReponse.statusCode + \", check 'Initiate \" + urlInfo.formName + \" Form' Activity Stream.\");\n}\n\n\n// =====================================================================================================================\n// Local helper functions\n// =====================================================================================================================\nfunction processConferenceBridge(trigger, urlInfo) {\n    var funcName = \"processConferenceBridge\";\n    \n    if (urlInfo.hasBridge) {\n        \n        var conference = {};\n        conference.type = urlInfo.type;\n        var foundExisting = false;\n        \n        // Do we need to try to re-use an existing conference ID\n        if (urlInfo.useExisting) {\n            var eventObj = {};\n            \n            // If the lookup field value represents an Event ID, then use that directly\n            if (\"eventId\".equalsIgnoreCase(urlInfo.existingEventPropFieldName)) {\n                // Make sure that the field value exists in the current incident\n                if (typeof properties[urlInfo.existingEventValueFieldName] !== \"undefined\") {\n                    var eventId = properties[urlInfo.existingEventValueFieldName];\n                    eventObj = util.getEvent(eventId);\n                    if ((null !== eventObj) && (typeof eventObj.conference === \"object\")) {\n                        foundExisting = true;\n                    } else {\n                        console.log(logPrefix + 'Cannot lookup existing conference bridge info, could not find event with an ID of \"' + eventId + '\".');\n                    }\n                } else {\n                    console.log(logPrefix + 'Cannot lookup existing conference bridge info, could not find field \"' + urlInfo.existingEventValueFieldName + '\" in the current Incident.');\n                }\n            \n            // Otherwise, search for the first active event with that id.\n            } else {\n                // Make sure that the field value exists in the current incident\n                if (typeof properties[urlInfo.existingEventValueFieldName] !== \"undefined\") {\n                    var eventObjs = getEvents(\n                        \"ACTIVE\", \n                        [encodeURIComponent(urlInfo.existingEventPropFieldName)],\n                        [encodeURIComponent(properties[urlInfo.existingEventValueFieldName])]);\n                    if (null !== eventObjs && eventObjs.length > 0) {\n                        eventObj = eventObjs[0];\n                        foudnExisting = true;\n                    } else {\n                        console.log(logPrefix + 'Cannot lookup existing conference bridge info, could not find event with an \"' + \n                            urlInfo.existingEventPropFieldName + '\" of \"' + properties[urlInfo.existingEventValueFieldName] + '\".');\n                    }\n                } else {\n                    console.log(logPrefix + 'Cannot lookup existing conference bridge info, could not find field \"' + urlInfo.existingEventValueFieldName + '\" in the current Incident.');\n                }\n            }\n    \n            // If we foundd an existing Event, use that for the conference info\n            if (foundExisting) {\n                conference.type = eventObj.conference.type;\n                conference.bridgeId = eventObj.conference.bridgeId;\n                if (\"EXTERNAL\" === urlInfo.type) {\n                    if (\"DYNAMIC\" === urlInfo.subType) {\n                        conference.bridgeNumber = eventObj.conference.bridgeNumber;\n                    }\n                }\n            }\n        }\n\n        // If we did not need to, or did not locate an existing bridge, configure a new bridge\n        if (!foundExisting) {\n            if (urlInfo.type === \"EXTERNAL\") {\n                conference.bridgeId =  urlInfo.bridgeId;\n                if (\"DYNAMIC\" === urlInfo.subType) {\n                    conference.bridgeNumber = urlInfo.bridgeNumber;\n                }\n            }\n        }\n\n        trigger.conference = conference;\n        if ((urlInfo.type === \"EXTERNAL\") && (typeof urlInfo.dialAfter === \"string\")) {\n            trigger.properties.Bridge_Dial_After = urlInfo.dialAfter;\n        }\n\n    }\n\n}\n",
      "environment": "HOSTED",
      "authType": "ANY"
    }
  ],
  "endpoints": [
    {
      "name": "RemedyRESTAPI",
      "baseUrl": "https://remedy-arserver-name-or-ip:8443",
      "type": "EXTERNAL",
      "authentication": "NO_AUTH"
    }
  ],
  "constants": [
    {
      "name": "OPT_ADD_JSON_HEADER",
      "value": "false",
      "description": "If \"true\", add in the JSON header to the http request (use \"false\" with xMatters Agent)"
    },
    {
      "name": "OPT_DEL_EXISTING_EVENTS",
      "value": "true",
      "description": "If true, delete events prior to injection"
    },
    {
      "name": "REMEDY_ENDPOINT",
      "value": "RemedyRESTAPI",
      "description": "The name of the xMatters endpoint object to use for calls to Remedy"
    },
    {
      "name": "REMEDY_FORM_CRITERIA",
      "value": "[\n    {\n        \"defaultForm\":0,\n        \"hasBridge\":false\n    },\n    {\n        \"properties\":{\n            \"impact\":\"1-Extensive/Widespread\",\n            \"urgency\":\"1-Critical\",\n            \"priority\":\"Critical\"\n            },\n        \"form\":1,\n        \"hasBridge\":true,\n        \"type\":\"BRIDGE\",\n        \"useExisting\":false,\n        \"existingEventPropFieldName\":\"\",\n        \"existingEventValueFieldName\":\"\"\n    },\n    {\n        \"properties\":{\n            \"impact\":\"1-Extensive/Widespread\",\n            \"urgency\":\"2-High\",\n            \"priority\":\"Critical\"\n            },\n        \"form\":0,\n        \"hasBridge\":false\n    },\n    {\n        \"properties\":{\n            \"impact\":\"2-Significant/Large\",\n            \"urgency\":\"1-Critical\",\n            \"priority\":\"High\"\n            },\n        \"form\":0,\n        \"hasBridge\":false\n    },\n    {\n        \"properties\":{\n            \"impact\":\"2-Significant/Large\",\n            \"urgency\":\"2-High\",\n            \"priority\":\"High\"\n            },\n        \"form\":0,\n        \"hasBridge\":false\n    },\n    {\n        \"properties\":{\n            \"impact\":\"3-Moderate/Limited\",\n            \"urgency\":\"1-Critical\",\n            \"priority\":\"High\"\n            },\n        \"form\":0,\n        \"hasBridge\":false\n    },\n    {\n        \"properties\":{\n            \"impact\":\"3-Moderate/Limited\",\n            \"urgency\":\"2-High\",\n            \"priority\":\"High\"\n            },\n        \"form\":0,\n        \"hasBridge\":false\n    }\n]",
      "description": "JSON Array containing objects with property values that when matched cause a particular form to be used."
    },
    {
      "name": "REMEDY_FORM_INFO",
      "value": "[\n  {\n    \"pos\": 0,\n    \"planName\": \"BMC Remedy ITSM - Incident - REST\",\n    \"formName\": \"Incident Alerts\",\n    \"userResponseOptions\":\"Accept,Comment,Resolve\",\n    \"groupResponseOptions\":\"Accept,Ignore,Comment,Resolve\",\n    \"triggerURL\": \"<TO-BE-FILLED-IN-BASED-ON-INBOUND-INTEGRATION>\",\n    \"URLUser\": \"<YOUR-XMATTERS-REMEDY-REST-USER>\"\n  },\n  {\n    \"pos\": 1,\n    \"planName\": \"BMC Remedy ITSM - Incident - REST\",\n    \"formName\": \"Incident Alerts with Bridge\",\n    \"userResponseOptions\":\"Accept,Join,Comment,Resolve\",\n    \"groupResponseOptions\":\"Accept,Ignore,Join,Comment,Resolve\",\n    \"triggerURL\": \"<TO-BE-FILLED-IN-BASED-ON-INBOUND-INTEGRATION>\",\n    \"URLUser\": \"<YOUR-XMATTERS-REMEDY-REST-USER>\"\n  }\n]",
      "description": "JSON Object representing the FORMs in this Comm Plan, their name and trigger URL"
    },
    {
      "name": "REMEDY_FQDN",
      "value": "http://REMEDY-ARSERVER-FQDN-OR-IP:8080",
      "description": "The fully qualified domain name AND port of the Remedy Mid Tier server"
    },
    {
      "name": "REMEDY_NOTE_PREFIX",
      "value": "[xMatters] -",
      "description": "Goes in-front of all Work Notes"
    },
    {
      "name": "REMEDY_OPT_ADD_JSON_HEADER",
      "value": "false",
      "description": "If \"true\", add in the JSON header to the http request (use \"false\" with xMatters Agent)"
    },
    {
      "name": "REMEDY_OPT_SIMPLE_GROUP_NAME",
      "value": "true",
      "description": "If true, construct group name as just Assigned_Group vs Support Company*Support Organization*Assigned_Group"
    },
    {
      "name": "REMEDY_RESOLVED_RESOLUTION",
      "value": "Ticket resolved via xMatters notification response",
      "description": "Description set in the Resolution field."
    },
    {
      "name": "REMEDY_RESOLVED_RESOLUTION_METHOD",
      "value": "Self-Service",
      "description": "Method set in the Resolution Method field"
    },
    {
      "name": "REMEDY_SERVER_NAME",
      "value": "AR-SERVER-LOGICAL-NAME",
      "description": "The logical server name to target in Remedy"
    },
    {
      "name": "REMEDY_STATUS_IN_PROGRESS",
      "value": "In Progress",
      "description": "Value put into the Status field upon Accept"
    },
    {
      "name": "REMEDY_STATUS_REASON",
      "value": "No Further Action Required",
      "description": "Value entered into the Status_Reason field upon Resolution"
    },
    {
      "name": "REMEDY_STATUS_RESOLVED",
      "value": "Resolved",
      "description": "Value put into the Status field upon Resolution"
    },
    {
      "name": "REMEDY_WS_PASSWORD",
      "value": "THE ENCRYPTED PASSWORD AS CREATED BY THE IAPASSWORD UTILITY FROM THE XMATTERS INTEGRATION AGENT.",
      "description": "Remedy API users encrypted password."
    },
    {
      "name": "REMEDY_WS_USERNAME",
      "value": "xmatters",
      "description": "Remedy REST Web Service Username"
    },
    {
      "name": "RESPONSE_ACTION_ACCEPT",
      "value": "accept",
      "description": "Response Option representing Accept"
    },
    {
      "name": "RESPONSE_ACTION_ACK",
      "value": "ack",
      "description": "Response Option representing Acknowledgement (short)"
    },
    {
      "name": "RESPONSE_ACTION_ACKNOWLEDGE",
      "value": "acknowledge",
      "description": "Response Option representing Acknowledgement (full)"
    },
    {
      "name": "RESPONSE_ACTION_ANNOTATE",
      "value": "annotate",
      "description": "Response Option representing Annotate (comment)"
    },
    {
      "name": "RESPONSE_ACTION_COMMENT",
      "value": "comment",
      "description": "Response Option representing Comment"
    },
    {
      "name": "RESPONSE_ACTION_IGNORE",
      "value": "ignore",
      "description": "Response Option representing Ignore (Escalate)"
    },
    {
      "name": "RESPONSE_ACTION_JOIN",
      "value": "join",
      "description": "Response Option representing Join (Conference Bridge Only)"
    },
    {
      "name": "RESPONSE_ACTION_RESOLVE",
      "value": "resolve",
      "description": "Response Option representing Resolve/Resolution"
    }
  ]
}