[
  {
    "name": "Remedy Rest Util",
    "script": "/**\n * ---------------------------------------------------------------------------------------------------------------------\n * \n * Shared library containing functions to use to make calls into\n * Remedy via REST.\n *\n * To use this shared library in another script, include the following \n * 'require' function statement in your Integration Builder script.\n *\n *  var remedyRest = require('Remedy Rest Util');\n *  var token = remedyRest.generateRemedyApiToken(  );\n *\n * Required Constants (to be defined in the \"requiring\" Comm Plan)\n *   REMEDY_OPT_ADD_JSON_HEADER - If true, include the \"Conent-Type: application/json\" HTTP request header\n *     Note: This should be false if scripts are running in the xMatters Agent\n *   REMEDY_OPT_MOCK_ENABLED [OPTIONAL] - If \"true\", then export the mocked functions and variables.\n *   REMEDY_OPT_SIMPLE_GROUP_NAME - If true, construct group name as just Assigned_Group vs Support Company*Support Organization*Assigned_Group\n *   REMEDY_ENDPOINT - The name of the xMatters endpoint object to use for calls to Remedy\n *   REMEDY_NOTE_PREFIX - String that goes infront of all Work Info notes\n *   REMEDY_WS_USERNAME - Login ID of the Remedy User that will be making API calls\n *   REMEDY_WS_PASSWORD - Remedy API users encrypted password (as produced by the iapassword utility)\n * \n * Required Shared Libraries (to be included in this Comm Plan):\n *  Remedy Rest Util Mocked [Optional] - If present, and mock-mode is enabled, will override functions with these versions.\n *\n * Hisory\n *  Version: 1.1 (2018-11-25)\n *\n * ---------------------------------------------------------------------------------------------------------------------\n */\n\n/**\n * Local constants\n */\nvar REMEDY_INCIDENT_ACTION_MODIFY = \"MODIFY\";\nvar REMEDY_WORK_INFO_LOCKED = 'Yes';\nvar REMEDY_WORK_INFO_TYPE = 'Working Log';\nvar REMEDY_WORK_INFO_VIEW_ACCESS = 'Internal';\nvar REMEDY_WORK_INFO_MAX_LENGTH = 100;\n\n\n/**\n * ---------------------------------------------------------------------------------------------------------------------\n * \n * Create a new Remedy Incident.\n *\n * @param {string} the jwt token\n * @param {object} the Remedy Values object\n * \n * @returns {object} the response object (responseCode of 201 represents success)\n *   If a 201 is returned, the Location header will contain the URL to the newly\n *   created Incident\n * \n * ---------------------------------------------------------------------------------------------------------------------\n */\nfunction createRemedyIncident(jwt, values) {\n\tvar funcName = \"createRemedyIncident\";\n    console.log(\"Enter \" + funcName + \" - values: \" + JSON.stringify(values,null,4));\n\n    // Send request to Remedy\n    var response = callRemedy(jwt, \"POST\", \"/api/arsys/v1/entry/HPD%3AIncidentInterface_Create\", true, values);\n\n    // console.log(\"Exit \" + funcName + \" - Repsonse: \" + JSON.stringify(response,null,4));\n    return response;\n}\n\n\n/**\n * ---------------------------------------------------------------------------------------------------------------------\n * \n * Modify an existing Remedy Incident.\n *\n * @param {string} the jwt token\n * @param {string} Request ID\n * @param {object} the Remedy Values object\n * \n * @returns {object} the response object (responseCode of 201 or 204 represent success)\n * \n * ---------------------------------------------------------------------------------------------------------------------\n */\nfunction modifyRemedyIncident(jwt, requestId, values) {\n\tvar funcName = \"modifyRemedyIncident\";\n    console.log(\"Enter \" + funcName + \" - requestId: \" + requestId + \", values: \" + JSON.stringify(values,null,4));\n    \n    // Send request to Remedy\n    var path = \"/api/arsys/v1/entry/HPD%3AIncidentInterface/\" + requestId;\n    var response = callRemedy(jwt, \"PUT\", path, true, values);\n\n    // console.log(\"Exit \" + funcName + \" - Repsonse: \" + JSON.stringify(response,null,4));\n    return response;\n}\n\n\n/**\n * ---------------------------------------------------------------------------------------------------------------------\n * \n * Add a Work Info entry to an Incident.\n *\n * @param {string} the jwt token\n * @param {string} Request ID\n * @param {string} the work note\n * \n * @returns {object} the response object (responseCode of 204 represents success)\n * \n * ---------------------------------------------------------------------------------------------------------------------\n */\nfunction addRemedyIncidentWorkInfo(jwt, requestId, workNote) {\n\tvar funcName = \"addRemedyIncidentWorkInfo\";\n    console.log(\"Enter \" + funcName + \" - requestId: \" + requestId + \", workNote: \" + workNote);\n\n    // Prepare the values object    \n    var details = constants.REMEDY_NOTE_PREFIX + \" \" + workNote;\n    var values = {\n        \"values\": {\n            \"z1D Action\": REMEDY_INCIDENT_ACTION_MODIFY,\n            \"z1D_Activity_Type\": REMEDY_WORK_INFO_TYPE,\n            \"z1D_Secure_Log\": REMEDY_WORK_INFO_LOCKED,\n            \"z1D_View_Access\": REMEDY_WORK_INFO_VIEW_ACCESS,\n            \"z1D_WorklogDetails\": details.substring(0, REMEDY_WORK_INFO_MAX_LENGTH)\n            }\n        };\n\n    // Modify the incident\n    var response = modifyRemedyIncident(jwt, requestId, values);\n\n    // console.log(\"Exit \" + funcName + \" - Repsonse: \" + JSON.stringify(response,null,4));\n    return response;\n}\n\n\n/**\n * ---------------------------------------------------------------------------------------------------------------------\n * \n * Add a Work Info entry to an Incident, and specifies the Incident Number in the payload.\n *\n * @param {string} the jwt token\n * @param {string} Request ID\n * @param {string} Incident Number\n * @param {string} the work note\n * \n * @returns {object} the response object (responseCode of 204 represents success)\n * \n * ---------------------------------------------------------------------------------------------------------------------\n */\nfunction addWorkInfoToRemedyIncident(jwt, requestId, incidentId, workNote) {\n\tvar funcName = \"addRemedyIncidentWorkInfo\";\n    console.log(\"Enter \" + funcName + \" - requestId: \" + requestId + \", incidentId: \" + incidentId + \", workNote: \" + workNote);\n\n    // Prepare the values object  \n    var details = constants.REMEDY_NOTE_PREFIX + \" \" + workNote;\n    var values = {\n        \"values\": {\n            \"Incident Number\": incidentId,\n            \"z1D Action\": REMEDY_INCIDENT_ACTION_MODIFY,\n            \"z1D_Activity_Type\": REMEDY_WORK_INFO_TYPE,\n            \"z1D_Secure_Log\": REMEDY_WORK_INFO_LOCKED,\n            \"z1D_View_Access\": REMEDY_WORK_INFO_VIEW_ACCESS,\n            \"z1D_WorklogDetails\": details.substring(0, REMEDY_WORK_INFO_MAX_LENGTH)\n            }\n        };\n\n    // Modify the incident\n    var response = modifyRemedyIncident(jwt, requestId, values);\n\n    // console.log(\"Exit \" + funcName + \" - Repsonse: \" + JSON.stringify(response,null,4));\n    return response;\n}\n\n\n/**\n * ---------------------------------------------------------------------------------------------------------------------\n * \n * Retrieve request ID from a Location header.\n *\n * @param {String} the Location header element returned from a successful call to createRemedyIncident\n * \n * @returns {object} the incident\n * \n * ---------------------------------------------------------------------------------------------------------------------\n */\nfunction retrieveRequestIdByLocation(Location) {\n    // Parse the path from the Location\n    var locationParts = Location.split(\"/\");\n    return locationParts[locationParts.length-1];\n}\n\n\n/**\n * ---------------------------------------------------------------------------------------------------------------------\n * \n * Retrieve an Incident via Request ID.\n *\n * @param {string} the jwt token\n * @param {string} Request ID\n * @param {String} [optional] String containing comma delimited list of field labels to return\n * \n * @returns {object} the incident\n * \n * ---------------------------------------------------------------------------------------------------------------------\n */\nfunction retrieveRemedyIncident(jwt, requestId, fields) {\n\tvar funcName = \"retrieveRemedyIncident\";\n    console.log(\"Enter \" + funcName + \" - Request ID: \" + requestId);\n\n    // Construct the path\n    var path = '/api/arsys/v1/entry/HPD%3AIncidentInterface/' + requestId;\n    if ((typeof fields === 'string') && (fields.length > 0)) {\n        path += '?fields=values(';\n        var fArray = fields.split(\",\");\n        for (var f = 0;f < fArray.length;++f) {\n            if (f > 0) path += \",\";\n            path += encodeURIComponent(fArray[f]);\n        }\n        path += ')';\n    }\n    console.log(funcName + \" - path: \" + path);\n\n    // Send request to Remedy\n    var response = callRemedy(jwt, \"GET\", path, false);\n\n    // Verify that a 200 was returned (success)\n    var entry = null;\n    if (200 === response.statusCode) {\n        // See if an entry was returned\n        var remResult = JSON.parse(response.body);\n        if ((typeof remResult.entries !== \"undefined\") && (remResult.entries.length > 0)) {\n            entry = remResult.entries[0];\n        }\n    }\n\n    console.log(\"Exit \" + funcName + \" - Entry is \" + ((null === entry)?\"null\":\"not null\"));\n    return entry;\n}\n\n\n/**\n * ---------------------------------------------------------------------------------------------------------------------\n * \n * Retrieve an Incident via Location.\n *\n * @param {string} the jwt token\n * @param {String} the Location header element returned from a successful call to createRemedyIncident\n * \n * @returns {object} the incident\n * \n * ---------------------------------------------------------------------------------------------------------------------\n */\nfunction retrieveRemedyIncidentByLocation(jwt, Location) {\n\tvar funcName = \"retrieveRemedyIncidentByLocation\";\n    console.log(\"Enter \" + funcName + \" - Location: \" + Location);\n\n    // Parse the path from the Location\n    var locationParts = Location.split(\":\");\n    var path = locationParts[2].substring(4);\n    if (locationParts.length > 3) {\n        path = path + \":\" + locationParts[3];\n    }\n    console.log(\"retrieveRemedyIncidentByLocation - path: \" + path);\n    \n    // Send request to Remedy\n    var response = callRemedy(jwt, \"GET\", path);\n    // console.log(funcName + \" - REMEDY REST API: received \" + JSON.stringify(response,null,4));\n    \n    // Verify that a 200 was returned (success)\n    var entry = null;\n    if (200 === response.statusCode) {\n        // See if an entry was returned\n        entry = JSON.parse(response.body);\n    }\n\n    console.log(\"Exit \" + funcName + \" - Entry is \" + ((null === entry)?\"null\":\"not null\"));\n    return entry;\n}\n\n\n/**\n * ---------------------------------------------------------------------------------------------------------------------\n * \n * Retrieve an Incident via a field name and value.\n *\n * @param {string} the jwt token\n * @param {string} field name\n * @param {String} field value\n * @param {String} [optional] String containing comma delimited list of field labels to return\n * \n * @returns {object} the incident\n * \n * ---------------------------------------------------------------------------------------------------------------------\n */\nfunction retrieveRemedyIncidentByField(jwt, fieldName, fieldValue, fields) {\n\tvar funcName = \"retrieveRemedyIncidentByField\";\n    console.log(\"Enter \" + funcName + \" - fieldName: \" + fieldName + \", fieldValue: \" + fieldValue);\n\n    // Construct the path\n    var path = '/api/arsys/v1/entry/HPD%3AIncidentInterface?q=%27' +\n        encodeURIComponent(fieldName) +\n        '%27%3D%22' + \n        encodeURIComponent(fieldValue) + '%22';\n    if ((typeof fields === 'string') && (fields.length > 0)) {\n        path += '&fields=' + encodeURIComponent('(' + fields + ')');\n    }\n    console.log(\"retrieveRemedyIncidentByField - path: \" + path);\n\n    // Send request to Remedy\n    var response = callRemedy(jwt, \"GET\", path, false);\n    // console.log(funcName + \" - REMEDY REST API: received \" + JSON.stringify(response,null,4));\n\n    // Verify that a 200 was returned (success)\n    var entry = null;\n    if (200 === response.statusCode) {\n        // See if an entry was returned\n        var remResult = JSON.parse(response.body);\n        if ((typeof remResult.entries !== \"undefined\") && (remResult.entries.length > 0)) {\n            entry = remResult.entries[0];\n        }\n    }\n\n    console.log(\"Exit \" + funcName + \" - Entry is \" + ((null === entry)?\"null\":\"not null\"));\n    return entry;\n}\n\n\n/**\n * ---------------------------------------------------------------------------------------------------------------------\n * \n * Retrieve an Incident via Request ID.\n *\n * @param {string} the jwt token\n * @param {String} the Request ID\n * @param {String} [optional] String containing comma delimited list of field labels to return\n * \n * @returns {object} the incident\n * \n * ---------------------------------------------------------------------------------------------------------------------\n */\nfunction retrieveRemedyIncidentByRequestId(jwt, requestId, fields) {\n\tvar funcName = \"retrieveRemedyIncidentByRequestId\";\n    console.log(\"Enter \" + funcName + \" - Request ID: \" + requestId);\n\n    // Request the Incident details\n    var entry = retrieveRemedyIncident(jwt, requestId, fields);\n\n    console.log(\"Exit \" + funcName + \" - Entry is \" + ((null === entry)?\"null\":\"not null\"));\n    return entry;\n}\n\n\n/**\n * ---------------------------------------------------------------------------------------------------------------------\n * \n * Retrieve an Incident via Incident Number.\n *\n * @param {string} the jwt token\n * @param {String} the Incident Number\n * @param {String} [optional] String containing comma delimited list of field labels to return\n * \n * @returns {object} the incident\n * \n * ---------------------------------------------------------------------------------------------------------------------\n */\nfunction retrieveRemedyIncidentByIncidentNumber(jwt, incidentNumber, fields) {\n\tvar funcName = \"retrieveRemedyIncidentByIncidentNumber\";\n    console.log(\"Enter \" + funcName + \" - incidentNumber: \" + incidentNumber);\n    \n    // Request the Incident details\n    var entry = retrieveRemedyIncidentByField(jwt, \"Incident Number\", incidentNumber, fields);\n\n    console.log(\"Exit \" + funcName + \" - Entry is \" + ((null === entry)?\"null\":\"not null\"));\n    return entry;\n}\n\n\n/**\n * ---------------------------------------------------------------------------------------------------------------------\n * \n * Retrieve request ID from an incident via Incident_Number.\n *\n * @param {string} the jwt token\n * @param {String} the Incident Number\n * \n * @returns {String} the Request ID\n * \n * ---------------------------------------------------------------------------------------------------------------------\n */\nfunction retrieveRequestId(jwt, incidentNumber) {\n\tvar funcName = \"retrieveRequestId\";\n    console.log(\"Enter \" + funcName + \" - incidentNumber: \" + incidentNumber);\n\n    var requestId = null;\n\n    // Get the Incident\n    var incident = retrieveRemedyIncidentByIncidentNumber(jwt, incidentNumber, \"Incident Number,Request ID\");\n    if (null !== incident) {\n        requestId = incident.values[\"Request ID\"];\n    } else {\n        console.log(funcName + \" - Could not find an incident in Remedy with Incident Number=\" + incidentNumber);\n\n    }\n    console.log(\"Exit \" + funcName + \" - requestId: \" + requestId);\n    \n    return requestId;\n}\n\n\n/**\n * ---------------------------------------------------------------------------------------------------------------------\n * \n * Retrieve Support Group Associations via the XM:SupportGrp_SupportGrpAssoci_join_form.\n *\n * @param {string} the jwt token\n * @param {string} Assignee_Login_ID\n * @param {String} Assigned_Support_Company\n * @param {String} Assigned_Support_Organization\n * @param {String} Assigned_Group\n * \n * @returns {object}[] Array of XM:SupportGrp_SupportGrpAssoci_join_form records that matched the criteria.\n * \n * ---------------------------------------------------------------------------------------------------------------------\n */\nfunction retrieveRemedySupportGrpAssoc(jwt, Assignee_Login_ID, Assigned_Support_Company, Assigned_Support_Organization, Assigned_Group) {\n    var funcName = \"retrieveRemedySupportGrpAssoc\";\n    console.log(\"Enter \" + funcName + \" - Assignee_Login_ID: \" + Assignee_Login_ID + \", Assigned_Support_Company: \" + Assigned_Support_Company + \", Assigned_Support_Organization: \" + Assigned_Support_Organization + \", Assigned_Group: \" + Assigned_Group);\n\n    // Construct the path\n    var path = [];\n    path.push('/api/arsys/v1/entry/XM:SupportGrp_SupportGrpAssoci_join_form?q=');\n    path.push( makeCondition('Login ID', Assignee_Login_ID) );\n    path.push('%20AND%20');\n    path.push('((');\n    path.push( makeCondition('Company', Assigned_Support_Company) );\n    path.push('%20AND%20');\n    path.push( makeCondition('Support Organization', Assigned_Support_Organization) );\n    path.push('%20AND%20');\n    path.push( makeCondition('Support Group Name', Assigned_Group) );\n    path.push(')%20OR%20');\n    path.push( makeCondition('Default', 'Yes') );\n    path.push(')');\n    path = path.join('');\n    console.log(\"retrieveRemedySupportGrpAssoc - path: \" + path);\n\n    var response = callRemedy(jwt, \"GET\", path, false);\n\n    // Verify that a 200 was returned (success)\n    var results = null;\n    if (200 === response.statusCode) {\n        // See if an entry was returned\n        var remResult = JSON.parse(response.body);\n        if ((typeof remResult.entries !== \"undefined\") && (remResult.entries.length > 0)) {\n            results = remResult.entries;\n        }\n    }\n\n    console.log(\"Exit \" + funcName + \" - results is \" + (null === results)?\"null\":\"not null\");\n    return results;\n}\n\n\n/**\n * ---------------------------------------------------------------------------------------------------------------------\n * \n * In order to use the Remedy API, we need a JWT.\n * \n * Uses these constants:\n *   REMEDY_ENDPOINT\n *   REMEDY_WS_PASSWORD\n *   REMEDY_WS_USERNAME\n *\n * @returns {string} the jwt\n * \n * ---------------------------------------------------------------------------------------------------------------------\n*/\nfunction generateRemedyApiToken( ) {\n    var funcName = \"generateRemedyApiToken\";\n    console.log(\"Enter \" + funcName);\n    \n    // Get the password\n    var remPw = decryptPW(constants.REMEDY_WS_PASSWORD);\n    if (null === remPw) {\n        console.log(funcName + ' - could not resolve password');\n        return null;\n    }\n    \n    // Prepare the request object to get the JWT token\n    var requestObj = {\n        'endpoint': constants.REMEDY_ENDPOINT,\n        'method': 'POST',\n        'path': 'api/jwt/login'\n    };\n    var headers = {\n        \"Content-Type\":\"application/x-www-form-urlencoded\",\n        \"Accept\": \"*/*\"\n        };\n    requestObj.headers = headers;\n\n    // Create the request\n    var request = http.request(requestObj);\n\n    // Setup the authentication payload\n    var payload = \"username=\" + constants.REMEDY_WS_USERNAME + \"&password=\" + remPw;\n    \n    var response = request.write( payload );\n\n    console.log(\"Exit \" + funcName);\n    return response.body;\n}\n\n\n/**\n * ---------------------------------------------------------------------------------------------------------------------\n * \n * Once we get a JWT from Remedy we need to package it in the header\n * for subsequent requests to make API calls.\n *\n * @param {string} the jwt\n * \n * @returns {object} Properly formed Remedy REST header with JWT\n * \n * ---------------------------------------------------------------------------------------------------------------------\n */\nfunction generateHeaderForApiRequest(jwt) {\n    var funcName = \"generateHeaderForApiRequest\";\n    console.log(\"Enter \" + funcName);\n\n    if (jwt === null || jwt.length === 0) {\n        jwt = generateRemedyApiToken();\n    }\n\n    var headers = {\n        \"Authorization\": \"AR-JWT \" + jwt/*,\n        \"Accept\": 'application/json'*/\n    };\n    // Add the content type header if required\n    if (\"true\".equalsIgnoreCase(constants.OPT_ADD_JSON_HEADER)) {\n        headers[\"Content-Type\"] = 'application/json';\n    }\n\n    console.log(\"Exit \" + funcName);\n    return headers;\n}\n\n\n/**\n * ---------------------------------------------------------------------------------------------------------------------\n * \n * Logout the jwt.\n *\n * @params {string} the jwt\n * \n * @returns {object} response;\n * \n * ---------------------------------------------------------------------------------------------------------------------\n */\nfunction logoutRemedyApiToken(jwt) {\n    var funcName = \"logoutRemedyApiToken\";\n    console.log(\"Enter \" + funcName);\n\n    // Perform the logout\n    var response = callRemedy(jwt, \"POST\", \"api/jwt/logout\");\n\n    console.log(\"Exit \" + funcName);\n    return response;\n}\n\n\n/**\n * ---------------------------------------------------------------------------------------------------------------------\n *\n * Builds and returns the name of the associated group in xMatters which is based on several fields in the \n * Remedy Support Group descriptiong\n * \n * @param {String} Remedy Company value\n * @param {String} Remedy Support Organization value\n * @param {String} Remedy Support Group name value\n * \n * @returns {String} xMatters Group Name\n *\n * ---------------------------------------------------------------------------------------------------------------------\n */\nfunction buildXmattersGroupName(company, organization, groupName) {\n\n    // The group name in xMatters in a concatenation of the Remedy  company, support organization and support group,\n    // separated by this character\n    var builtGroup = \"\";\n    if (constants.REMEDY_OPT_SIMPLE_GROUP_NAME.equalsIgnoreCase(\"true\")) {\n        builtGroup = groupName;\n    } else {\n        var GROUP_NAME_DELIMITER_TOKEN = \"*\";\n        builtGroup = company + GROUP_NAME_DELIMITER_TOKEN + organization + GROUP_NAME_DELIMITER_TOKEN + groupName;\n    }\n    \n    return builtGroup;\n}\n\n\n/**\n * ---------------------------------------------------------------------------------------------------------------------\n * \n * Construct a Remedy Link based on Entry ID (no search or home, just the ticket)\n * Thanks to: http://depressedpress.com/2016/05/20/create-a-link-to-a-remedy-ticket/\n * \n * @param {String} The Remedy instance FQDN including protocol (e.g. http://myremedy.mycompany.com:8080)\n * @param {String} The Remedy AR Servers name (e.g. myremedy)\n * @param {String} Remedy ticket Entry ID to base the link on\n * \n * @returns {String} A clickable link to the associdated form in Remedy with the specified record loaded.\n * \n * ---------------------------------------------------------------------------------------------------------------------\n */\nfunction constructTicketLink(serverAddress, serverName, entryId) {\n    var funcName = \"constructTicketLink\";\n    console.log(\"Enter \" + funcName + \" - entryId: \" + entryId);\n \n    // Get the Ticket Type\n    var ticketType = entryId.substring(0,3).toUpperCase();\n    // Determine parameters\n    switch(ticketType) {\n        case \"INC\":\n            var P1 = \"HPD%3AHelp+Desk\";\n            break;\n        case \"PBI\":\n            var P1 = \"PBM%3AProblem+Investigation\";\n            break;\n        case \"PKE\":\n            var P1 = \"PBM%3AKnown+Error\";\n            break;\n        case \"CRQ\":\n            var P1 = \"CHG%3AInfrastructure+Change\";\n            break;\n        case \"TSK\":\n            var P1 = \"TMS%3ATask\";\n            break;\n        case \"WOI\":\n            var P1 = \"WOI%3AWorkOrder\";\n            break;\n        };\n \n    // Create the URL\n    var theURL = \n        serverAddress + \n        \"/arsys/forms/\" + \n        serverName + \n        \"/\" +\n        P1 + \n        \"/Default+Administrator+View/?eid=\" + \n        entryId;\n\n    // Return the constructed url\n    console.log(\"Ext \" + funcName + \" - theURL: \" + theURL);\n    return theURL;\n};\n\n\n/**\n * ---------------------------------------------------------------------------------------------------------------------\n * \n * Construct a Remedy Link based on Ticket Type and Number\n * Thanks to: http://depressedpress.com/2016/05/20/create-a-link-to-a-remedy-ticket/\n * \n * @param {String} The Remedy instance FQDN including protocol (e.g. http://myremedy.mycompany.com:8080)\n * @param {String} The Remedy AR Servers name (e.g. myremedy)\n * @param {String} Remedy ticket number to base the link on\n * \n * @returns {String} A clickable link to the associdated form in Remedy with the specified record loaded.\n * \n * ---------------------------------------------------------------------------------------------------------------------\n */\nfunction constructTicketSearchLink(serverAddress, serverName, ticketNumber) {\n    var funcName = \"constructTicketSearchLink\";\n    console.log(\"Enter \" + funcName);\n \n    // Get the Ticket Type\n    var ticketType = ticketNumber.substring(0,3).toUpperCase();\n    // Determine parameters\n    switch(ticketType) {\n        case \"INC\":\n            var P1 = \"HPD%3AHelp+Desk\";\n            var P2 = \"'1000000161'\";\n            break;\n        case \"PBI\":\n            var P1 = \"PBM%3AProblem+Investigation\";\n            var P2 = \"'1000000232'\";\n            break;\n        case \"PKE\":\n            var P1 = \"PBM%3AKnown+Error\";\n            var P2 = \"'1000000979'\";\n            break;\n        case \"CRQ\":\n            var P1 = \"CHG%3AInfrastructure+Change\";\n            var P2 = \"'1000000182'\";\n            break;\n        case \"TSK\":\n            var P1 = \"TMS%3ATask\";\n            var P2 = \"'1'\";\n            break;\n        case \"WOI\":\n            var P1 = \"WOI%3AWorkOrder\";\n            var P2 = \"'1000000182'\";\n            break;\n        };\n \n    // Create the URL\n    var theURL = \n        serverAddress + \n        \"/arsys/forms/\" + \n        serverName + \n        \"/SHR%3ALandingConsole/Default+Administrator+View/?mode=search&F304255500=\" + \n        P1 + \n        \"&F1000000076=FormOpen&F303647600=SearchTicketWithQual&F304255610=\" + \n        P2 + \n        \"%3D%22\" + \n        ticketNumber + \n        \"%22\";\n        \n    // Return the constructed url\n    console.log(\"Ext \" + funcName + \" - theURL: \" + theURL);\n    return theURL;\n};\n\n\n/**\n * ---------------------------------------------------------------------------------------------------------------------\n * \n * parseCheckRequestBody\n *\n * Parse the request body, check that the expected parameters were found and return a Javascript object that\n * contains the request parameters.\n * \n * @param {object} The incoming request from Remedy\n * \n * @returns {object} A JSON Object that contains the fields retrieved from the inbound XML.\n * \n * ---------------------------------------------------------------------------------------------------------------------\n */\nfunction parseCheckRequestBody(requestBody) {\n    var funcName = \"parseCheckRequestBody\";\n    console.log(\"Enter \" + funcName + \" - requestBody is a \" + (typeof requestBody));\n    var request = {};\n\n    var triggerRequest = requestBody[\"soapenv:envelope\"][\"soapenv:body\"][\"ns0:triggerrequest\"];\n    request.action = triggerRequest[\"ns0:action\"];\n    request.incidentId = triggerRequest[\"ns0:id\"];\n    request.form = triggerRequest[\"ns0:form\"];\n    request.logMessage = (typeof triggerRequest[\"ns0:message\"] !== \"undefined\")?triggerRequest[\"ns0:message\"]:\"\";\n\n    // console.log(funcName + \" - Received action=\" + request.action + \", incidentId=\" + request.incidentId + \", form=\" + request.form + \", logMessage=\" + request.logMessage);\n\n    if ((typeof request.action !== \"string\") || request.action.length === 0) {\n        console.log(funcName + \" - Request action not found.\")\n        throw \"Request action not found.\"\n    }\n\n    if ((typeof request.incidentId !== \"string\") || request.incidentId.length === 0) {\n        console.log(funcName + \"- Request action not found.\")\n        throw \"Request incidentId not found.\"\n    }\n    \n    // console.log(\"Exit \" + funcName);\n    return request;\n};\n\n\n/**\n * ---------------------------------------------------------------------------------------------------------------------\n * \n * updateWorkInfo\n *\n * Convenience function used by IB scripts to update the Work Info in a Remedy Incident\n * \n * @param {String} The Remedy Request ID identifying the Incident to update\n * @param {String} The text to add to the Work Info\n * \n * @returns nothing.\n * \n * ---------------------------------------------------------------------------------------------------------------------\n */\nfunction updateWorkInfo(requestId, workInfo) {\n    \n    // Generate the API token (essentially login to Remedy ARS)\n    var token = generateRemedyApiToken();\n    if (null === token) {\n        console.log('updateWorkInfo - !!! UNABLE TO RETRIEVE JWT Token from Remedy !!!');\n        throw 'updateWorkInfo - !!! UNABLE TO RETRIEVE JWT Token from Remedy !!!';\n    }\n\n    // Update the Work Info\n    var results = addRemedyIncidentWorkInfo(token, requestId, workInfo);\n    // console.log(\"updateWorkInfo - results: \" + JSON.stringify(results,null,4));\n        \n    // Logout of Remedy via the Token\n    logoutRemedyApiToken(token);\n    \n}\n\n\n/**\n * ---------------------------------------------------------------------------------------------------------------------\n *\n * LOCAL FUNCTIONS, CONSTANTS, AND VARIABLES USED INTERNALLY\n * \n * ---------------------------------------------------------------------------------------------------------------------\n */\n\nvar LIB_NAME = \"Remedy Rest Util\";\nvar MOCK_LIB_NAME = \"Remedy Rest Util Mocked\";\nvar requiredConstants = \"REMEDY_OPT_ADD_JSON_HEADER,REMEDY_OPT_SIMPLE_GROUP_NAME,REMEDY_ENDPOINT,REMEDY_NOTE_PREFIX,REMEDY_WS_USERNAME,REMEDY_WS_PASSWORD\";\nvar hasMockLib = false;\nvar remMockLib = null;\n\n\n/**\n * ---------------------------------------------------------------------------------------------------------------------\n * \n * Checks for the presence of the required constants, and if not there, throws an exception\n * \n * @throws - Exception naming missingn constants.\n * \n * ---------------------------------------------------------------------------------------------------------------------\n */\nfunction verifyConstants() {\n    var missingConstants = [];\n    var rcNames = requiredConstants.split(\",\");\n    for (var rc in rcNames) {\n        var rcName = rcNames[rc];\n        if ((typeof constants[rcName] === \"undefined\") ||\n            (constants[rcName] === null) ||\n            (constants[rcName].length === 0)) {\n            missingConstants.push(rcName);\n        }\n    }\n    if (missingConstants.length > 0) {\n        var msg = \"The following constants required by \" + LIB_NAME + \" are missing: \" + missingConstants.join();\n        console.log(msg);\n        throw(msg);\n    }\n}\n\n\n/**\n * ---------------------------------------------------------------------------------------------------------------------\n * \n * Returns the current status of \"Mocking\"\n * \n * @returns {boolean} true if Mocking is enabled, false otherwise\n * \n * ---------------------------------------------------------------------------------------------------------------------\n */\nexports.mockIsEnabled = function() {return mockEnabled;};\n\n\n/** \n * ---------------------------------------------------------------------------------------------------------------------\n * \n * This variable represents the state of \"mocking\" by this library.\n * The states are \"true\", the library is to expose \"mocked\"\n * exports, and \"false\", the library exposes \"live\" exports.\n * If the constant, REMEDY_OPT_MOCK_ENABLED is not present or false, then\n * the exported functions and variables will be live.\n * \n * ---------------------------------------------------------------------------------------------------------------------\n */\nvar mockEnabled = (typeof constants.REMEDY_OPT_MOCK_ENABLED === \"undefined\") ? false : \"true\".equalsIgnoreCase(constants.REMEDY_OPT_MOCK_ENABLED);\nconsole.log(LIB_NAME + ' - mockEnabled: ' + exports.mockIsEnabled());\n\n\n/** \n * ---------------------------------------------------------------------------------------------------------------------\n * \n * The following are the defined function variables that will hold either the real or mocked funciton pointers\n * \n * ---------------------------------------------------------------------------------------------------------------------\n */\nvar varCreateRemedyIncident = null;\nvar varModifyRemedyIncident = null;\nvar varAddRemedyIncidentWorkInfo = null;\nvar varAddWorkInfoToRemedyIncident = null;\nvar varRetrieveRequestIdByLocation = null;\nvar varRetrieveRemedyIncident = null;\nvar varRetrieveRemedyIncidentByLocation = null;\nvar varRetrieveRemedyIncidentByField = null;\nvar varRetrieveRemedyIncidentByRequestId = null;\nvar varRetrieveRemedyIncidentByIncidentNumber = null;\nvar varRetrieveRequestId = null;\nvar varRetrieveRemedySupportGrpAssoc = null;\nvar varGenerateRemedyApiToken = null;\nvar varGenerateHeaderForApiRequest = null;\nvar varLogoutRemedyApiToken = null;\nvar varParseCheckRequestBody = null;\nvar varUpdateWorkInfo = null;\n\n/**\n * ---------------------------------------------------------------------------------------------------------------------\n * \n * Initialize the library\n * \n * @param {boolean} The current mock state\n * \n * ---------------------------------------------------------------------------------------------------------------------\n */\nfunction _init(mockMode) {\n    console.log(LIB_NAME + ' - _init() - mockMode: ' + mockMode);\n\n    // First make sure all required operational constants are present and not 0 length\n    verifyConstants();\n\n    // Set exportable object overrides based on mocking variable\n    if (mockMode) {\n        \n        // Mocking is based on the presence of local replacement (mocked) functions\n        // or a library of overrides.  They can be mixed and matched.\n        if (null === remMockLib) {\n            // First time through init, so attempt to load the library\n            try {\n                remMockLib = require(MOCK_LIB_NAME);\n                hasMockLib = true;\n            } catch (e) {}\n        }\n\n        if (hasMockLib && (typeof remMockLib.mockCreateRemedyIncident === \"function\")) {\n            varCreateRemedyIncident = remMockLib.mockCreateRemedyIncident;\n        } else {\n            varCreateRemedyIncident = mockCreateRemedyIncident;\n        }         \n\n        if (hasMockLib && (typeof remMockLib.mockModifyRemedyIncident === \"function\")) {\n            varModifyRemedyIncident = remMockLib.mockModifyRemedyIncident;\n        } else {\n            varModifyRemedyIncident = mockModifyRemedyIncident;\n        }         \n\n        if (hasMockLib && (typeof remMockLib.mockAddRemedyIncidentWorkInfo === \"function\")) {\n            varAddRemedyIncidentWorkInfo = remMockLib.mockAddRemedyIncidentWorkInfo;\n        } else {\n            varAddRemedyIncidentWorkInfo = mockAddRemedyIncidentWorkInfo;\n        }         \n\n        if (hasMockLib && (typeof remMockLib.mockAddWorkInfoToRemedyIncident === \"function\")) {\n            varAddRemedyIncidentWorkInfo = remMockLib.mockAddWorkInfoToRemedyIncident;\n        } else {\n            varAddRemedyIncidentWorkInfo = mockAddWorkInfoToRemedyIncident;\n        }         \n\n        if (hasMockLib && (typeof remMockLib.mockRetrieveRequestIdByLocation === \"function\")) {\n            varRetrieveRequestIdByLocation = remMockLib.mockRetrieveRequestIdByLocation;\n        } else {\n            varRetrieveRequestIdByLocation = mockRetrieveRequestIdByLocation;\n        }         \n\n        if (hasMockLib && (typeof remMockLib.mockRetrieveRemedyIncident === \"function\")) {\n            varRetrieveRemedyIncident = remMockLib.mockRetrieveRemedyIncident;\n        } else {\n            varRetrieveRemedyIncident = mockRetrieveRemedyIncident;\n        }         \n\n        if (hasMockLib && (typeof remMockLib.mockRetrieveRemedyIncidentByLocation === \"function\")) {\n            varRetrieveRemedyIncidentByLocation = remMockLib.mockRetrieveRemedyIncidentByLocation;\n        } else {\n            varRetrieveRemedyIncidentByLocation = mockRetrieveRemedyIncidentByLocation;\n        }         \n\n        if (hasMockLib && (typeof remMockLib.mockRetrieveRemedyIncidentByField === \"function\")) {\n            varRetrieveRemedyIncidentByField = remMockLib.mockRetrieveRemedyIncidentByField;\n        } else {\n            varRetrieveRemedyIncidentByField = mockRetrieveRemedyIncidentByField;\n        }         \n\n        if (hasMockLib && (typeof remMockLib.mockRetrieveRemedyIncidentByRequestId === \"function\")) {\n            varRetrieveRemedyIncidentByRequestId = remMockLib.mockRetrieveRemedyIncidentByRequestId;\n        } else {\n            varRetrieveRemedyIncidentByRequestId = mockRetrieveRemedyIncidentByRequestId;\n        }         \n\n        if (hasMockLib && (typeof remMockLib.mockRetrieveRemedyIncidentByIncidentNumber === \"function\")) {\n            varRetrieveRemedyIncidentByIncidentNumber = remMockLib.mockRetrieveRemedyIncidentByIncidentNumber;\n        } else {\n            varRetrieveRemedyIncidentByIncidentNumber = mockRetrieveRemedyIncidentByIncidentNumber;\n        }         \n\n        if (hasMockLib && (typeof remMockLib.mockRetrieveRequestId === \"function\")) {\n            varRetrieveRequestId = remMockLib.mockRetrieveRequestId;\n        } else {\n            varRetrieveRequestId = mockRetrieveRequestId;\n        }         \n\n        if (hasMockLib && (typeof remMockLib.mockRetrieveRemedySupportGrpAssoc === \"function\")) {\n            varRetrieveRemedySupportGrpAssoc = remMockLib.mockRetrieveRemedySupportGrpAssoc;\n        } else {\n            varRetrieveRemedySupportGrpAssoc = mockRetrieveRemedySupportGrpAssoc;\n        }         \n\n        if (hasMockLib && (typeof remMockLib.mockGenerateRemedyApiToken === \"function\")) {\n            varGenerateRemedyApiToken = remMockLib.mockGenerateRemedyApiToken;\n        } else {\n            varGenerateRemedyApiToken = mockGenerateRemedyApiToken;\n        }\n\n        if (hasMockLib && (typeof remMockLib.mockGenerateHeaderForApiRequest === \"function\")) {\n            varGenerateHeaderForApiRequest = remMockLib.mockGenerateHeaderForApiRequest;\n        } else {\n            varGenerateHeaderForApiRequest = mockGenerateHeaderForApiRequest;\n        }\n\n        if (hasMockLib && (typeof remMockLib.mockLogoutRemedyApiToken === \"function\")) {\n            varLogoutRemedyApiToken = remMockLib.mockLogoutRemedyApiToken;\n        } else {\n            varLogoutRemedyApiToken = mockLogoutRemedyApiToken;\n        }\n\n        if (hasMockLib && (typeof remMockLib.mockParseCheckRequestBody === \"function\")) {\n            varParseCheckRequestBody = remMockLib.mockParseCheckRequestBody;\n        } else {\n            varParseCheckRequestBody = parseCheckRequestBody;\n        }\n\n        if (hasMockLib && (typeof remMockLib.mockUpdateWorkInfo === \"function\")) {\n            varUpdateWorkInfo = remMockLib.mockUpdateWorkInfo;\n        } else {\n            varUpdateWorkInfo = updateWorkInfo;\n        }\n\n    } else {\n        \n        // Non-mocked function varirables\n        varCreateRemedyIncident = createRemedyIncident;\n        varModifyRemedyIncident = modifyRemedyIncident;\n        varAddRemedyIncidentWorkInfo = addRemedyIncidentWorkInfo;\n        varAddWorkInfoToRemedyIncident = addWorkInfoToRemedyIncident;\n        varRetrieveRequestIdByLocation = retrieveRequestIdByLocation;\n        varRetrieveRemedyIncident = retrieveRemedyIncident;\n        varRetrieveRemedyIncidentByLocation = retrieveRemedyIncidentByLocation;\n        varRetrieveRemedyIncidentByField = retrieveRemedyIncidentByField;\n        varRetrieveRemedyIncidentByRequestId = retrieveRemedyIncidentByRequestId;\n        varRetrieveRemedyIncidentByIncidentNumber = retrieveRemedyIncidentByIncidentNumber;\n        varRetrieveRequestId = retrieveRequestId;\n        varRetrieveRemedySupportGrpAssoc = retrieveRemedySupportGrpAssoc;\n        varGenerateRemedyApiToken = generateRemedyApiToken;\n        varGenerateHeaderForApiRequest = generateHeaderForApiRequest;\n        varLogoutRemedyApiToken = logoutRemedyApiToken;\n        varParseCheckRequestBody = parseCheckRequestBody;\n        varUpdateWorkInfo = updateWorkInfo;\n\n    }\n    \n    // Actual Exports\n    exports.createRemedyIncident = varCreateRemedyIncident;\n    exports.modifyRemedyIncident = varModifyRemedyIncident;\n    exports.addRemedyIncidentWorkInfo = varAddRemedyIncidentWorkInfo;\n    exports.addWorkInfoToRemedyIncident = varAddWorkInfoToRemedyIncident;\n    exports.retrieveRequestIdByLocation = varRetrieveRequestIdByLocation;\n    exports.retrieveRemedyIncident = varRetrieveRemedyIncident;\n    exports.retrieveRemedyIncidentByLocation = varRetrieveRemedyIncidentByLocation;\n    exports.retrieveRemedyIncidentByField = varRetrieveRemedyIncidentByField;\n    exports.retrieveRemedyIncidentByRequestId = varRetrieveRemedyIncidentByRequestId;\n    exports.retrieveRemedyIncidentByIncidentNumber = varRetrieveRemedyIncidentByIncidentNumber;\n    exports.retrieveRequestId = varRetrieveRequestId;\n    exports.retrieveRemedySupportGrpAssoc = varRetrieveRemedySupportGrpAssoc;\n    exports.generateRemedyApiToken = varGenerateRemedyApiToken;\n    exports.generateHeaderForApiRequest = varGenerateHeaderForApiRequest;\n    exports.logoutRemedyApiToken = varLogoutRemedyApiToken;\n    exports.buildXmattersGroupName = buildXmattersGroupName;\n    exports.constructTicketLink = constructTicketLink;\n    exports.constructTicketSearchLink = constructTicketSearchLink;\n    exports.parseCheckRequestBody = parseCheckRequestBody;\n    exports.updateWorkInfo = updateWorkInfo;\n    \n}\n\n\n/**\n * ---------------------------------------------------------------------------------------------------------------------\n * \n * Allow library user to manually change the mockEnabled flag, as well as the versions of the functions to export\n * \n * @param {boolean} If true, enable mock mode, if false disable it.\n * ---------------------------------------------------------------------------------------------------------------------\n */\nexports.setMockEnabled = function(mockMode) {\n    mockEnabled = mockMode;\n    console.log(LIB_NAME + ' - setMockEnabled() - mockEnabled: ' + mockEnabled);\n    _init(mockMode);\n};\n\n\n/**\n * ---------------------------------------------------------------------------------------------------------------------\n * \n * !!! Initialize the library !!!\n * \n * ---------------------------------------------------------------------------------------------------------------------\n */\n_init(mockEnabled);\n\n\n/**\n * ---------------------------------------------------------------------------------------------------------------------\n * \n * Call Remedy\n * \n * @param {string} the jwt token\n * @param {string} the HTTP method to call\n * @param {string} path to make Remedy call against\n * @param {boolean} whether or not to auto Encode the URI\n * @param {object} [Optional] the Remedy Values object\n * \n * @returns {object} the response object\n * \n * ---------------------------------------------------------------------------------------------------------------------\n */\nfunction callRemedy(jwt, method, path, autoEncodeURI, payload) {\n    var funcName = \"callRemedy\";\n    console.log(\"Enter \" + funcName + \" - method: \" + method + \", path: \" + path);\n    \n    // Prepare the request object to get the Incident\n    var requestObj = {\n        'endpoint': constants.REMEDY_ENDPOINT,\n        'path': path,\n        'method': method\n    };\n    \n    // Check for and add autoEncodeURI if not true\n    // Note, the defauolt is true\n    if ((typeof autoEncodeURI !== \"undefined\") && !autoEncodeURI) {\n        requestObj.autoEncodeURI = autoEncodeURI;\n    }\n\n    // Setup the Auth headers    \n    requestObj.headers = generateHeaderForApiRequest(jwt);\n    // console.log(funcName + \" - requestObj before calling http.request(): \" + JSON.stringify(requestObj,null,4));\n\n    // Create the request\n    var request = http.request(requestObj);\n    // console.log(funcName + \" - request before calling write(): \" + JSON.stringify(request,null,4));\n    \n    // Send request to Remedy\n    var response;\n    try {\n        if ((typeof payload !== \"undefined\") && (null !== payload)) {\n            response = request.write(payload);\n        } else {\n            response = request.write();\n        }\n    } catch (e) {\n        response = {};\n        response.statusCode = 400;\n        errBody = {\n            \"code\":400,\n            \"message\": String(e),\n            \"reason\":\"Exception\",\n            \"subcode\":\"Exception caught in \" + LIB_NAME + \" - \" + funcName\n        }\n        response.body = JSON.stringify(errBody);\n    }\n\n    // console.log(\"Exit \" + funcName + \" - response: \" + JSON.stringify(response));\n    return response;   \n}\n\n\n/**\n * ---------------------------------------------------------------------------------------------------------------------\n * \n * Creates and returns a properly encoded and formated condition to use in a \"q=\" parameter\n * \n * @param {String} The name of the field to encode\n * @param {String} The value of the field to encode\n * \n * @returns {String} The properly formatted search term ready to be embedded in a \"q=\" request parameter\n * \n * ---------------------------------------------------------------------------------------------------------------------\n */\nfunction makeCondition(fieldName, fieldValue) {\n     return '%27' + encodeURIComponent(fieldName) + '%27%20%3D%22' + encodeURIComponent(fieldValue) + '%22';\n}\n\n\n/**\n * ---------------------------------------------------------------------------------------------------------------------\n * \n * Attempts to decrypt and return a password that was generated with the iapassword utility from the \n * xMatters Integration Agent.\n * \n * @param {String} The encrypted password\n * \n * @returns {String} The decoded password value, or null if not found\n * \n * ---------------------------------------------------------------------------------------------------------------------\n */\nfunction decryptPW(password) {\n    var EncryptionUtils = Java.type('com.alarmpoint.integrationagent.security.EncryptionUtils');\n    var pw = null;\n    try {\n        pw = EncryptionUtils.decrypt(password);\n    } catch (e) {\n        console.log('Remedy Rest Util.decryptPW - Caught exception trying to decrypt ' + password + '\\n' + e);\n    }\n    return pw;\n}\n\n\n\n/** \n * ---------------------------------------------------------------------------------------------------------------------\n * \n * DEFAULT MOCKED VERSIONS OF THE REQUIRED / EXPORTED FUNCTIONS\n *\n * ---------------------------------------------------------------------------------------------------------------------\n */\n\nfunction mockedCreateRemedyIncident(jwt, values) {\n\tvar funcName = \"mockedCreateRemedyIncident\";\n    console.log(\"Enter \" + funcName + \" - values: \" + JSON.stringify(values,null,4));\n    \n\tvar response = {\n\t\t\"statusCode\": 201,\n\t\t\"headers\": {\"Location\": \"\"},\n\t\t\"body\": \"\"\n\t}\n\t\n    console.log(\"Exit \" + funcName + \" - Repsonse: \" + JSON.stringify(response,null,4));\n    return response;\n}\n\nfunction mockModifyRemedyIncident(jwt, requestId, values) {\n\tvar funcName = \"mockModifyRemedyIncident\";\n    console.log(\"Enter \" + funcName + \" - requestId: \" + requestId + \", values: \" + JSON.stringify(values,null,4));\n    \n\tvar response = {\n\t\t\"statusCode\": 204,\n\t\t\"body\": \"\"\n\t}\n\n    console.log(\"Exit \" + funcName + \" - Repsonse: \" + JSON.stringify(response,null,4));\n    return response;\n}\n\nfunction mockAddRemedyIncidentWorkInfo(jwt, requestId, workNote) {\n\tvar funcName = \"mockAddRemedyIncidentWorkInfo\";\n    console.log(\"Enter \" + funcName + \" - requestId: \" + requestId + \", workNote: \" + workNote);\n\n\tvar response = {\n\t\t\"statusCode\": 204,\n\t\t\"body\": \"\"\n\t}\n\n    console.log(\"Exit \" + funcName + \" - Repsonse: \" + JSON.stringify(response,null,4));\n    return response;\n}\n\nfunction mockAddWorkInfoToRemedyIncident(jwt, requestId, incidentId, workNote) {\n\tvar funcName = \"mockAddRemedyIncidentWorkInfo\";\n    console.log(\"Enter \" + funcName + \" - requestId: \" + requestId + \", incidentId: \" + incidentId + \", workNote: \" + workNote);\n\n\tvar response = {\n\t\t\"statusCode\": 204,\n\t\t\"body\": \"\"\n\t}\n\n    console.log(\"Exit \" + funcName + \" - Repsonse: \" + JSON.stringify(response,null,4));\n    return response;\n}\n\nfunction mockRetrieveRemedyIncident(jwt, requestId, fields) {\n\tvar funcName = \"mockRetrieveRemedyIncident\";\n    console.log(\"Enter \" + funcName + \" - Request ID: \" + requestId);\n\n    console.log(\"Exit \" + funcName + \" - Entry is not null\");\n    return {\"values\":{\"Request ID\":\"INC000000000003\",\"Incident Number\":\"INC000000000004\"}};\n}\n\nfunction mockRetrieveRemedyIncidentByLocation(jwt, Location) {\n\tvar funcName = \"mockRetrieveRemedyIncidentByLocation\";\n    console.log(\"Enter \" + funcName + \" - Location: \" + Location);\n\n    console.log(\"Exit \" + funcName + \" - Entry is not null\");\n    return {\"values\":{\"Request ID\":\"INC000000000001\",\"Incident Number\":\"INC000000000002\"}};\n}\n\nfunction mockRetrieveRemedyIncidentByField(jwt, fieldName, fieldValue, fields) {\n\tvar funcName = \"mockRetrieveRemedyIncidentByField\";\n    console.log(\"Enter \" + funcName + \" - fieldName: \" + fieldName + \", fieldValue: \" + fieldValue);\n\n    console.log(\"Exit \" + funcName + \" - Entry is not null\");\n    return {\"values\":{\"Request ID\":\"INC000000000001\",\"Incident Number\":\"INC000000000002\"}};\n}\n\nfunction mockRetrieveRemedyIncidentByRequestId(jwt, requestId, fields) {\n\tvar funcName = \"mockRetrieveRemedyIncidentByRequestId\";\n    console.log(\"Enter \" + funcName + \" - Request ID: \" + requestId);\n\n    console.log(\"Exit \" + funcName + \" - Entry is not null\");\n    return {\"values\":{\"Request ID\":\"INC000000000003\",\"Incident Number\":\"INC000000000004\"}};\n}\n\nfunction mockRetrieveRemedyIncidentByIncidentNumber(jwt, incidentNumber, fields) {\n\tvar funcName = \"mockRetrieveRemedyIncidentByIncidentNumber\";\n    console.log(\"Enter \" + funcName + \" - IncidentNumber: \" + incidentNumber);\n    \n    console.log(\"Exit \" + funcName + \" - Entry is \" + ((null === entry)?\"null\":\"not null\"));\n    return {\"values\":{\"Request ID\":\"INC000000000003\",\"Incident Number\":\"INC000000000004\"}};\n}\n\nfunction mockRetrieveRequestId(jwt, incidentNumber) {\n\tvar funcName = \"mockRetrieveRequestId\";\n    console.log(\"Enter \" + funcName + \" - incidentNumber: \" + incidentNumber);\n\n    console.log(\"Exit \" + funcName + \" - requestId: INC000000000005\");\n    \n    return \"INC000000000005\";\n}\n\nfunction mockRetrieveRemedySupportGrpAssoc(jwt, Assignee_Login_ID, Assigned_Support_Company, Assigned_Support_Organization, Assigned_Group) {\n    var funcName = \"mockRetrieveRemedySupportGrpAssoc\";\n    console.log(\"Enter \" + funcName + \" - Assignee_Login_ID: \" + Assignee_Login_ID + \", Assigned_Support_Company: \" + Assigned_Support_Company + \", Assigned_Support_Organization: \" + Assigned_Support_Organization + \", Assigned_Group: \" + Assigned_Group);\n\n    results = [\n        {\n            \"Company\": Assigned_Support_Company,\n            \"Support Organization\": Assigned_Support_Organization,\n            \"Support Group Name\" : Assigned_Group,\n            \"Support Group ID\" : \"SPG000000000006\",\n            \"Full Name\" : Assignee_Login_ID,\n            \"Default\" : \"Yes\"\n        }\n    ];\n    \n    console.log(\"Exit \" + funcName + \" - results is \" + (null === results)?\"null\":\"not null\");\n    return results;\n}\n\nfunction mockGenerateRemedyApiToken( ) {\n    var funcName = \"mockGenerateRemedyApiToken\";\n    console.log(\"Enter \" + funcName);\n    \n    console.log(\"Exit \" + funcName);\n    return \"MOCKED-JWT-TOKEN\";\n}\n\nfunction mockGenerateHeaderForApiRequest(jwt) {\n    var funcName = \"mockGenerateHeaderForApiRequest\";\n    console.log(\"Enter \" + funcName);\n\n    if (jwt === null || jwt.length === 0) {\n        jwt = mockGenerateRemedyApiToken();\n    }\n\n    var headers = {\n        \"Authorization\": \"AR-JWT \" + jwt/*,\n        \"Accept\": 'application/json'*/\n    };\n    // Add the content type header if required\n    if (\"true\".equalsIgnoreCase(constants.OPT_ADD_JSON_HEADER)) {\n        headers[\"Content-Type\"] = 'application/json';\n    }\n\n    console.log(\"Exit \" + funcName);\n    return headers;\n}\n\nfunction mockLogoutRemedyApiToken(jwt) {\n    var funcName = \"mockLogoutRemedyApiToken\";\n    console.log(\"Enter \" + funcName);\n\n\tvar response = {\n\t\t\"statusCode\": 204,\n\t\t\"body\": \"\"\n\t}\n\n    console.log(\"Exit \" + funcName);\n}\n\nfunction mockParseCheckRequestBody(requestBody) {\n    var funcName = \"mockParseCheckRequestBody\";\n    console.log(\"Enter \" + funcName + \" - requestBody is a \" + (typeof requestBody));\n    var request = {};\n\n    request.action = triggerRequest[\"ns0:action\"];\n    request.incidentId = triggerRequest[\"ns0:id\"];\n    request.form = triggerRequest[\"ns0:form\"];\n    request.logMessage = (typeof triggerRequest[\"ns0:message\"] !== \"undefined\")?triggerRequest[\"ns0:message\"]:\"\";\n\n    // console.log(funcName + \" - Received action=\" + request.action + \", incidentId=\" + request.incidentId + \", form=\" + request.form + \", logMessage=\" + request.logMessage);\n\n    if ((typeof request.action !== \"string\") || request.action.length === 0) {\n        console.log(funcName + \" - Request action not found.\")\n        throw \"Request action not found.\"\n    }\n\n    if ((typeof request.incidentId !== \"string\") || request.incidentId.length === 0) {\n        console.log(funcName + \"- Request action not found.\")\n        throw \"Request incidentId not found.\"\n    }\n    \n    // console.log(\"Exit \" + funcName);\n    return request;\n\n}\n\nfunction mockUpdateWorkInfo(requestId, workInfo) {\n    var funcName = \"mockUpdateWorkInfo\";\n    console.log(\"Enter \" + funcName + \" - requestId: [\" + requestId + \"], workInfo: [\" + workInfo \"].\");\n    console.log(\"Exit \" + funcName);\n}\n"
  },
  {
    "name": "util",
    "script": "/**\n * ---------------------------------------------------------------------------------------------------------------------\n * \n * Shared library containing utility functions for making calls back into xMatters.\n *\n * To use this shared library in another script, include the following \n * 'require' function statement in your Integration Builder script.\n *\n *  var util = require('util');\n *  util.fixPayload(payload);\n *\n * Required Constants (to be defined in the \"requiring\" Comm Plan)\n *   None.\n * \n * Required Shared Libraries (to be included in this Comm Plan):\n *   None.\n *\n * Hisory\n *  Version: 1.0 (2018-10-08)\n *\n * ---------------------------------------------------------------------------------------------------------------------\n */\n\n\n/**\n * ---------------------------------------------------------------------------------------------------------------------\n * \n * Determine if an HTTP status code represents success\n *\n * @param {number} statusCode from an HTTP request\n * @returns {boolean} true if successful; false otherwise\n * \n * ---------------------------------------------------------------------------------------------------------------------\n */\nfunction isValidStatusCode(statusCode) {\n    return statusCode >= 200 && statusCode <= 299;\n}\nexports.isValidStatusCode = isValidStatusCode;\n\n\n/**\n * ---------------------------------------------------------------------------------------------------------------------\n * \n * Calls xMatters based on the input parameters.  \n * In the case of a failure (5xx) or exception, will retry up to 2 additional times (default)\n * \n * @param {string} the HTTP method to call\n * @param {string} path to make Remedy call against\n * @param {boolean} whether or not to auto Encode the URI\n * @param {object} [Optional] the Remedy Values object\n * \n * @returns {object} the response object\n * \n * ---------------------------------------------------------------------------------------------------------------------\n */\nfunction callxMatters(method, path, autoEncodeURI, payload) {\n    var funcName = \"util.callxMatters\";\n    console.log(\"Enter \" + funcName + \" - method: \" + method + \", path: \" + path);\n    var maxRetries = 2;\n    \n    // Prepare the request object to get the Incident\n    var requestObj = {\n        'endpoint': \"xMatters\",\n        'path': path,\n        'method': method,\n        'headers': {\n            'Content-Type': 'application/json'\n        }\n    };\n    \n    // Check for and add autoEncodeURI if not true\n    // Note, the defauolt is true\n    if ((typeof autoEncodeURI !== \"undefined\") && !autoEncodeURI) {\n        requestObj.autoEncodeURI = autoEncodeURI;\n    }\n\n    // Create the request\n    var request = http.request(requestObj);\n\n    // Send request to xMatters with retries\n    var response;\n    var finished = false;\n    for (var retryCount = 0;!finished || (retryCount === maxRetries);++retryCount) {\n        console.log('util.callxMatters - Attempt #' + (retryCount+1));\n        try {\n            if ((typeof payload !== \"undefined\") && (null !== payload)) {\n                response = request.write(payload);\n            } else {\n                response = request.write();\n            }\n            if (response.statusCode < 500) {\n                finished = true;\n            }\n        } catch (e) {\n            response = {};\n            response.statusCode = 400;\n            errBody = {\n                \"code\":400,\n                \"message\": String(e),\n                \"reason\":\"Exception\",\n                \"subcode\":\"Exception caught in util.\" + funcName\n            };\n            response.body = JSON.stringify(errBody);\n        }\n    }\n\n    console.log(\"Exit \" + funcName + \" - response: \" + JSON.stringify(response));\n    return response;   \n}\nexports.callxMatters = callxMatters;\n\n\n/**\n * ---------------------------------------------------------------------------------------------------------------------\n * \n * Retrieves the xMatters event object via it's event id\n * \n * @param {string|number} Event identifier to find\n * \n * @returns {object} The event object.  Returns null if not found, or an error was returned.\n * \n * ---------------------------------------------------------------------------------------------------------------------\n */\nvar getEvent = function(eventId) {\n    // Make the request to get the events\n    var response = callxMatters(\n        'GET',\n        '/api/xm/1/events/' + eventId\n        );\n    if(isValidStatusCode(response.statusCode)) {\n        var event = null;\n        if(response.body) {\n            event = JSON.parse(response.body);\n        } \n        return event;\n    } else {\n        console.log('util.getEvents returned an error: ' + response.statusCode);\n        return null;\n    }\n};\nexports.getEvent = getEvent;\n\n\n/**\n * ---------------------------------------------------------------------------------------------------------------------\n * \n * Retrieves the xMatters event objects that match the specified status and properties.\n * \n * @param {string} Event status to match\n * @param {string}[] Array of URL Encoded xMatters Event property names\n * @param {string}[] Array of URL Encoded xMatters Event property values\n * \n * @returns {object}[] The event objects.  Returns an empty array if none are found, or an error was returned.\n * \n * ---------------------------------------------------------------------------------------------------------------------\n */\nvar getEvents = function(status, propertyNames, propertyValues) {    \n    // Make the request to get the events\n    var response = callxMatters(\n        'GET',\n        '/api/xm/1/events?status=' + status + '&propertyName=' + propertyNames.join(',') + '&propertyValue=' + propertyValues.join(',')\n        );\n    if(isValidStatusCode(response.statusCode)) {\n        var events = [];\n        if(response.body) {\n            events = JSON.parse(response.body).data;\n        } \n        return events;\n    } else {\n        console.log('util.getEvents returned an error: ' + response.statusCode);\n        return [];\n    }\n};\nexports.getEvents = getEvents;\n\n\n/**\n * ---------------------------------------------------------------------------------------------------------------------\n * \n * Possibe xMatters Event Status values\n * \n * ---------------------------------------------------------------------------------------------------------------------\n */\nvar EVENT_STATUS = {\n    ACTIVE: 'ACTIVE',\n    SUSPENDED: 'SUSPENDED',\n    TERMINATED: 'TERMINATED',\n    TERMINATED_EXTERNAL: 'TERMINATED_EXTERNAL'\n};\nexports.EVENT_STATUS = EVENT_STATUS;\n\n\n/**\n * ---------------------------------------------------------------------------------------------------------------------\n * \n * Terminates any events with the specified xMatters eventId\n * \n * @param {string} Id of an xMatters event\n * \n * @returns {boolean} True if successful, false otherwise.\n * \n * ---------------------------------------------------------------------------------------------------------------------\n */\nvar terminateEvent = function(eventId) {\n    var response = callxMatters(\n        'POST',\n        '/api/xm/1/events',\n        true,\n        {\n            id: eventId,\n            status: EVENT_STATUS.TERMINATED\n        }\n        );\n    if(isValidStatusCode(response.statusCode)) {\n        return true;\n    } else {\n        return false;\n    }\n};\nexports.terminateEvent = terminateEvent;\n\n/**\n * ---------------------------------------------------------------------------------------------------------------------\n * \n * Terminate active events matching a set of properties\n *\n * Note: When property is a string type, be sure to include the language\n *       with the property name (e.g. \"alert_id#en\"). If the property is\n *       a numeric, however, do not include the language (e.g.\n *       \"alert_count\").\n *\n * @param {Object} properties a set of properties to search\n * \n * @returns {number} Number of successful terminations\n * \n * ---------------------------------------------------------------------------------------------------------------------\n */\nexports.terminateEvents = function (properties) {\n    // Prepare the search criteria for matching events\n    var propNames = [];\n    var propValues = [];\n    for (var key in properties) {\n        propNames.push(encodeURIComponent(key));\n        propValues.push(encodeURIComponent(properties[key]));\n    }\n\n    if(propNames.length <= 0) {\n        console.log('util.terminateEvents - Skipping terminate events because it was called without any search properties');\n        return 0;\n    }\n\n    var numSuccessful = 0;\n    try {\n        var activeEvents = getEvents(EVENT_STATUS.ACTIVE, propNames, propValues);\n        for(var i = 0; i < activeEvents.length; i++) {\n            numSuccessful = (terminateEvent(activeEvents[i].id))?1:0;\n        }\n    } catch(e) {\n        console.log('util.terminateEvents - A problem occurred while terminating active events: ' + JSON.stringify(e));\n        return numSuccessful;\n    }\n\n    try {\n        var suspendedEvents = getEvents(EVENT_STATUS.SUSPENDED, propNames, propValues);\n        for(var j = 0; j < suspendedEvents.length; j++) {\n            numSuccessful += (terminateEvent(suspendedEvents[j].id))?1:0;\n        }\n    } catch(e) {\n        console.log('util.terminateEvents - A problem occurred while terminating suspended events: ' + JSON.stringify(e));\n    }\n\n    return numSuccessful;\n};\n\n\n/**\n * ---------------------------------------------------------------------------------------------------------------------\n * \n * Attempts to retrieve a PERSON object via targetName\n *\n * @param {String} targetName of the person to retrieve\n * \n * @returns {object} The person object if found, or null\n * \n * ---------------------------------------------------------------------------------------------------------------------\n */\nexports.getPerson = function(targetName) {\n    console.log(\"util.getPerson for \" + targetName );\n    var response = callxMatters(\n        'GET',\n        '/api/xm/1/people/' + targetName\n        );\n    console.log(\"util.getPerson - Received \" + JSON.stringify(response,null,4));\n  \n    // If it worked, returnTry the targetName\n    if (isValidStatusCode(response.statusCode)) {\n        return JSON.parse( response.body );\n    }\n    \n    return null;\n\n};\n\n\n/**\n * ---------------------------------------------------------------------------------------------------------------------\n * \n * Attempts to retrieve a PERSON object via the specified custom field.\n * If not found via custom field, an attempt is made to retrieve the PERSON\n * using the customFieldValue as a targetName\n *\n * @param {String} Custom property name to use in the search\n * @param {String} Custom property value to use in the search\n * \n * @returns {object} The person object if found, or null\n * \n * ---------------------------------------------------------------------------------------------------------------------\n */\nvar getPersonByCustomField = function(customField, customFieldValue) {\n    console.log(\"util.getPersonByCustomField for \" + customFieldValue);\n    var search = \"propertyName=\" + encodeURIComponent(customField) + \"&propertyValue=\" + encodeURIComponent(customFieldValue);\n    var url = \"/api/xm/1/people?\" + search;\n    \n    var response = callxMatters(\"GET\", url);\n    console.log(\"util.getPersonByCustomField - Received \" + response.statusCode + \" \" + response.body);    \n    \n    // Try the targetName\n    if (response.statusCode == \"404\") {\n      \n        console.log(\"XM REST API: Attempting query by targetName\");\n        url = \"/api/xm/1/people/\" + encodeURIComponent(customFieldValue);\n        response = callxMatters(\"GET\", url);\n        console.log(\"util.getPersonByCustomField - (based on targetName) received \" + response.statusCode + \" \" + response.body);    \n    }\n    \n    var data = JSON.parse(response.body);\n    if( data.count > 0 )\n        return data.data[0];\n    \n    return null;\n    \n};\nexports.getPersonByCustomField = getPersonByCustomField;\n\n/**\n * ---------------------------------------------------------------------------------------------------------------------\n * \n * Form properties are included in the payload when they are marked as\n * 'Include in Outbound Integrations' on the form layout.\n *\n * Transform the eventProperties object so that\n * you can access form properties using dot notation.\n * \n * @param {object} payload object from an Outbound Integration\n * \n * ---------------------------------------------------------------------------------------------------------------------\n */\nvar fixPayload = function(payload) {\n    if (payload.eventProperties && Array.isArray(payload.eventProperties)) {\n        var eventProperties = payload.eventProperties;\n        payload.eventProperties = {};\n    \n        for (var i = 0; i < eventProperties.length; i++) {\n            var eventProperty = eventProperties[i];\n            var key = Object.keys(eventProperty)[0];\n            payload.eventProperties[key] = eventProperty[key];\n          }\n    }\n};\nexports.fixPayload = fixPayload;\n\n\n/**\n * ---------------------------------------------------------------------------------------------------------------------\n * \n * Delays the current thread's execution for the number of milliseconds specified.\n * \n * NOTE: This funciton only works when executing in the xMatters Agent.\n * \n * @param {number} Number of milliseconds to sleep.\n * \n * ---------------------------------------------------------------------------------------------------------------------\n */\nvar sleep = function(timeInMilliseconds) {\n    console.log(\"Entered util.sleep(\" + timeInMilliseconds + \") at: \" + new Date());\n    try {\n        java.lang.Thread.sleep(timeInMilliseconds);\n    } catch (e) {\n      /*\n       * This will happen if the sleep is woken up - you might want to check\n       * if enough time has passed and sleep again if not - depending on how\n       * important the sleep time is to you.\n       */\n    }\n    console.log(\"Leaving util.sleep(\" + timeInMilliseconds + \") at: \" + new Date());\n};\nexports.sleep = sleep;\n\n\nfunction copyBridgeDetails(formData, criteria) {\n\tformData.hasBridge = criteria.hasBridge;\n\tif (formData.hasBridge) {\n\t\tformData.type = criteria.type;\n\t\tformData.useExisting = criteria.useExisting;\n\t\tif (formData.useExisting) {\n\t\t    formData.existingEventPropFieldName = criteria.existingEventPropFieldName;\n\t\t    formData.existingEventValueFieldName = criteria.existingEventValueFieldName;\n\t\t}\n\t    formData.bridgeId = criteria.bridgeId;\n\t\tif (\"EXTERNAL\" === formData.type) {\n    \t    formData.subType = criteria.subType;\n    \t    formData.bridgeNumber = criteria.bridgeNumber;\n    \t\tformData.dialAfter = criteria.dialAfter;\n\t\t}\n\t}\n}\n\n\n/**\n * ---------------------------------------------------------------------------------------------------------------------\n *\n * Evaluates the properties for a match against the criteria as defined\n * in json_criteria, to decide which Form Entry Point should be called.\n * \n * @param {String} Stringified JSON object containing array of Form specific details and information\n * @param {String} Stringified JSON object containing array of criteria to match the properties agains\n * @param {object} Properties from the inbound message paylaod to match against jsonCriteria\n * \n * @returns {object} Form and URL information related to the target to call based on matching properties with criteria\n * \n * ---------------------------------------------------------------------------------------------------------------------\n */\nvar resolveForm = function(jsonFormInfo, jsonCriteria, properties) {\n    var funcName = \"util.resolveForm\";\n    console.log(\"Enter \" + funcName);\n\n\t// Convert the jsonCriteria string to a JavaScript object\n\tvar criteria = convertAndVerifyCriteria(jsonCriteria);\n\tif (null === criteria) return null;\n\n \t// Convert the formInfo string to a JavaScript object\n\tvar formInfo = convertAndVerifyFormInfo(jsonFormInfo);\n\tif (null === formInfo) return null;\n\t\n\t// Pull out the default url in case we do not find a match.\n\t// The defaultURL is in the 0th position of the array.\n\tvar aFormInfoData = findFormInfo(formInfo, criteria[0].defaultForm);\n\tif (null === aFormInfoData) return null;\n\n    // Construct the default formData\t\n\tvar formData = {};\n\tformData.formURL = aFormInfoData.triggerURL;\n\tformData.formName = aFormInfoData.formName;\n\t// Get the response options\n\tvar responseOptions = getResponseOptions(aFormInfoData.planName, aFormInfoData.formName);\n\tformData.userResponseOptions = getResponseOptionIds(responseOptions, aFormInfoData.userResponseOptions);\n\tformData.groupResponseOptions = getResponseOptionIds(responseOptions, aFormInfoData.groupResponseOptions);\n\t// Setup the bridge info\n\tcopyBridgeDetails(formData, criteria[0]);\n\n\t// Now, go through the remaining criteria until we have a match\n\tfor (var i = 1; i < criteria.length; i++) {\n\t\n\t\t// First validate that the criteria is structurally\n\t\tvar isValid = criteriaIsValid(criteria, i);\n\t\tif (isValid) {\n\n\t\t\t// Look for a match between the criteria and the properties\n\t\t\tvar numProps = 0, matchedProps = 0;\n\t\t\tfor (var cp in criteria[i].properties) {\n\t\t\t\t++numProps;\n\t\t\t\tif (typeof properties[cp] !== \"undefined\" &&\n\t\t\t\t\tproperties[cp] === criteria[i].properties[cp]) {\n\t\t\t\t\t++matchedProps;\n\t\t\t\t\t// console.log(funcName + ' - DEBUG - property \"' + cp + '\" at criteria position ' + i + ' matched.');\n\t\t\t\t} else {\n\t\t\t\t\t// console.log(funcName + ' - DEBUG - property \"' + cp + '\" at criteria position ' + i + ' did not matched.  Stopping search for this set of criteria.');\n\t\t\t\t\tbreak;\n\t\t\t\t}\n\t\t\t}\n\t\t\t\n\t\t\t// If we found a match, setup the formData\n\t\t\tif (numProps > 0 && numProps === matchedProps) {\n\t\t\t    // Get the corresponding form info block\n\t\t    \taFormInfoData = findFormInfo(formInfo, criteria[i].form);\n            \tif (null !== aFormInfoData) {\n            \t    // Get the response options\n                \tformData.formURL = aFormInfoData.triggerURL;\n                \tformData.formName = aFormInfoData.formName;\n                \tresponseOptions = getResponseOptions(aFormInfoData.planName, aFormInfoData.formName);\n                \tformData.userResponseOptions = getResponseOptionIds(responseOptions, aFormInfoData.userResponseOptions);\n                \tformData.groupResponseOptions = getResponseOptionIds(responseOptions, aFormInfoData.groupResponseOptions);\n                \t// Setup the bridge info\n                \tcopyBridgeDetails(formData, criteria[i]);\n\t\t\t\t\tbreak;\n            \t}\n\t\t\t}\n\t\t}\n\t}\n\t\n    console.log(\"Exit \" + funcName + \" - formData: \" + JSON.stringify(formData,null,4));\n\treturn formData;\n};\nexports.resolveForm = resolveForm;\n\n\n/**\n * ---------------------------------------------------------------------------------------------------------------------\n * \n * Convert the jsonCriteria string to a JavaScript object\n * \n * @param {String} JSON version of Criteria array.\n * \n * @returns {object}[] Criteria array, or null if there were problems.\n * \n * ---------------------------------------------------------------------------------------------------------------------\n */\nfunction convertAndVerifyCriteria(jsonCriteria) {\n\tvar funcName = \"util.convertAndVerifyCriteria\";\n\t// Convert the jsonCriteria string to a JavaScript object\n\tvar criteria = null;\n\ttry {\n\t    // Should parse cleanly\n\t\tcriteria = JSON.parse(jsonCriteria);\n\t\tconsole.log(funcName + ' - jsonCriteria: ' + JSON.stringify(criteria));\n\t\t\n\t\t// Need to have at least one criteria defined\n\t\tif (criteria.length === 0) {\n\t\t\tconsole.log(funcName + ' - FATAL - jsonCriteria is empty.');\n\t\t\tthrow funcName + ' - FATAL - jsonCriteria is empty.';\n\t\t\n\t\t// 0th Criteria needs to have a defaultForm referencing the position of a FormInfo object\n\t\t} else if (typeof criteria[0].defaultForm === \"undefined\" ||\n\t\t           (typeof criteria[0].defaultForm !== \"number\" && typeof criteria[0].defaultForm !== \"string\") ||\n\t\t           (typeof criteria[0].defaultForm === \"string\" && criteria[0].defaultForm.length === 0)) {\n\t\t\tthrow funcName + ' - FATAL - jsonCriteria the field \"defaultForm\" in the 0th position is either missing or empty. (typeof='+(typeof criteria[0].defaultForm)+')';\n\t\t} else {\n\t\t    var msg = validateBridgeInfo(criteria, 0);\n\t\t    if (null !== msg) throw msg;\n\t\t}\n\t} catch (e) {\n\t    console.log('FATAL - ' + e);\n\t    return null;\n\t}\n\treturn criteria;\n}\n\n\n/**\nMake sure we have the right properties defined.\n    hasBridge: {boolean} true | false\n        IF \"hasBridge\" is true\n            useExisting: {boolean} true | false\n                IF \"useExisting\" is true\n                    existingEventPropFieldName: {string} \"eventId\" | \"<arbitrary-event-property-name>\"\n                    existingEventValueFieldName: {string} \"<field-name-in-source-properties-with-existingEventPropFieldName-value>\"\n            type: {string} \"EXTERNAL\" | \"BRIDGE\"\n                IF \"EXTERNAL\"\n                    subType: {string} \"STATIC\" | \"DYNAMIC\"\n                    bridgeId: {string} \"Name of pre-defined 3rd-party Conference Bridge object\"\n                    IF \"subType\" is \"DYNAMIC\"\n                        bridgeNumber: {string} \"digits representing bridge number\"\n                    dialAfter: {string} (Optional) \"digits or characters to dial after the bridgeNumber\"\n                        \n                IF \"BRIDGE\"\n                    No other properties are required.\n                    IF \"useExisting\" is true\n                        bridgeId: Will be resolved at run-time\n            \n**/\nfunction validateBridgeInfo(criteria, i) {\n    var funcName = \"validateBridgeInfo\";\n    var msg = null;\n    \n    // does \"hasBridge\" exist\n    if (typeof criteria[i].hasBridge === \"undefined\") {\n\t\tmsg = funcName + ' - jsonCriteria the field \"hasBridge\" in position ' + i + ' is either missing or empty.';\n\n\t} else if (criteria[i].hasBridge) {\n\t    \n\t    // Validate useExisting, existingEventPropFieldName, and existingEventValueFieldName\n\t\tif (typeof criteria[i].useExisting !== \"boolean\") {\n\t\t\tmsg = funcName + ' - jsonCriteria the field \"useExisting\" in position ' + i + ' is missing or not boolean.';\n\t\t} else if (criteria[i].useExisting && (typeof criteria[i].existingEventPropFieldName !== \"string\" || criteria[i].existingEventPropFieldName.length <= 0)) {\n\t\t\t    msg = funcName + ' - jsonCriteria the field \"useExisting\" is true, but the field \"existingEventPropFieldName\" in position ' + i + ' is missing.';\n\t\t} else if (criteria[i].useExisting && (typeof criteria[i].existingEventValueFieldName !== \"string\" || criteria[i].existingEventValueFieldName.length <= 0)) {\n\t\t\t    msg = funcName + ' - jsonCriteria the field \"useExisting\" is true, but the field \"existingEventValueFieldName\" in position ' + i + ' is missing.';\n\n        // Validate type\n\t    } else if (typeof criteria[i].type === \"undefined\" || \n\t        (criteria[i].type !== \"EXTERNAL\" && \n\t         criteria[i].type !== \"BRIDGE\")) {\n    \t\tmsg = funcName + ' - jsonCriteria the field \"hasBridge\" is true, but \"type\" in the position ' + i + ' is missing or invalid (s/b EXTERNAL or BRIDGE).';\n\n        // type:\"EXTERNAL\" specific validations \n        // (need subType, optionally dialAfter, and if not useExisting we need a bridgeId, and bridgeNumber if DYNAMIC)\n        } else if (criteria[i].type === \"EXTERNAL\") {\n            \n            // Need subType\n            if ((typeof criteria[i].subType !== \"string\") ||\n                ((criteria[i].subType !== \"STATIC\") && (criteria[i].subType !== \"DYNAMIC\"))) {\n    \t\t\tmsg = funcName + ' - jsonCriteria the field \"subType\" is missing or invalid (s/b STATIC or DYNAMIC) in position ' + i + '.';\n\n    \t\t// Optionally dialAfter (if present s/b a string)\n    \t\t} else if (typeof criteria[i].dialAfter !== \"undefined\" && typeof criteria[i].dialAfter !== \"string\") {\n    \t\t\tmsg = funcName + ' - jsonCriteria the field \"dialAfter\" in position ' + i + ' is present but the wrong type (s/b a string).';\n\n            // Need bridgeId, and bridgeNumber if subType is DYNAMIC\n    \t\t} else if (typeof criteria[i].bridgeId !== \"string\" || criteria[i].bridgeId.length <= 0) {\n    \t\t\tmsg = funcName + ' - jsonCriteria the field \"bridgeId\" in position ' + i + ' is missing.';\n    \t\t} else if ((criteria[i].subType === \"DYNAMIC\") && (typeof criteria[i].bridgeNumber === \"undefined\")) {\n    \t\t\tmsg = funcName + ' - jsonCriteria the field \"bridgeNumber\" in position ' + i + ' is missing.';\n    \t\t}\n    \t\t\n    \t// type:\"BRIDGE\" specific validations\n        } else { \n            // none at this time.\n        }\n\t}\n    return msg;\n}\n\n\nfunction criteriaIsValid(criteria, i) {\n\tvar isValid = false;\n\t// First validate that the criteria is structurally\n\tif (typeof criteria[i].form === \"undefined\" ||\n\t\t(typeof criteria[i].form !== \"number\" && typeof criteria[i].form !== \"string\") ||\n\t\t(typeof criteria[i].form === \"string\" && criteria[i].defaultForm.length === 0)) {\n\t\tconsole.log(funcName + ' - ERROR - \"form\" field is missing from json_criteria at position ' + i);\n\t} else if (typeof criteria[i].properties === \"undefined\") {\n\t\tconsole.log(funcName + ' - ERROR - \"properties\" field is missing from json_criteria at position ' + i);\n\t} else {\n\t    var msg = validateBridgeInfo(criteria, i);\n\t    if (null === msg) {\n\t        isValid = true;\n\t    } else {\n\t        console.log(msg);\n\t    }\n\t}\n\treturn isValid;\n}\n\n\n/**\n * ---------------------------------------------------------------------------------------------------------------------\n * \n * Convert the formInfo string to a JavaScript object\n * Fields are: pos(number), formName(string), userResponseOptions(string), groupResponseOptions(string), triggerURL(string), URLUser(string)\n * \n * @param {String} JSON version of Form Info array.\n * \n * @returns {object}[] Form Info array, or null if there were problems.\n * \n * ---------------------------------------------------------------------------------------------------------------------\n */\nfunction convertAndVerifyFormInfo(jsonFormInfo) {\n\tvar funcName = \"util.convertAndVerifyFormInfo\";\n \t// Convert the formInfo string to a JavaScript object\n    // \n\tvar formInfo = null;\n\ttry {\n\t\tformInfo = JSON.parse(jsonFormInfo);\n\t\tconsole.log(funcName + ' - jsonFormInfo: ' + JSON.stringify(formInfo));\n\t\tif (formInfo.length === 0) {\n\t\t\tthrow funcName + ' - FATAL - jsonFormInfo is empty.';\n\t\t} else {\n\t\t    for (var fi in formInfo) {\n        \t\tif (typeof formInfo[fi].pos === \"undefined\" || typeof formInfo[fi].pos !== \"number\") {\n        \t\t\tthrow funcName + ' - FATAL - jsonFormInfo - The field \"pos\" in array element [' + fi + '] is either missing or not a number. (typeof formInfo[fi].pos = \"' + (typeof formInfo[fi].pos) + '\")';\n        \t\t} else if (typeof formInfo[fi].planName === \"undefined\" || typeof formInfo[fi].planName !== \"string\" || formInfo[fi].planName.length === 0) {\n        \t\t\tthrow funcName + ' - FATAL - jsonFormInfo - The field \"planName\" in array element [' + fi + '] is either missing, not a string, or empty.';\n        \t\t} else if (typeof formInfo[fi].formName === \"undefined\" || typeof formInfo[fi].formName !== \"string\" || formInfo[fi].formName.length === 0) {\n        \t\t\tthrow funcName + ' - FATAL - jsonFormInfo - The field \"formName\" in array element [' + fi + '] is either missing, not a string, or empty.';\n        \t\t} else if (typeof formInfo[fi].userResponseOptions === \"undefined\" || typeof formInfo[fi].userResponseOptions !== \"string\" || formInfo[fi].userResponseOptions.length === 0) {\n        \t\t\tthrow funcName + ' - FATAL - jsonFormInfo - The field \"userResponseOptions\" in array element [' + fi + '] is either missing, not a string, or empty.';\n        \t\t} else if (typeof formInfo[fi].groupResponseOptions === \"undefined\" || typeof formInfo[fi].groupResponseOptions !== \"string\" || formInfo[fi].groupResponseOptions.length === 0) {\n        \t\t\tthrow funcName + ' - FATAL - jsonFormInfo - The field \"groupResponseOptions\" in array element [' + fi + '] is either missing, not a string, or empty.';\n        \t\t} else if (typeof formInfo[fi].triggerURL === \"undefined\" || typeof formInfo[fi].triggerURL !== \"string\" || formInfo[fi].triggerURL.length === 0) {\n        \t\t\tthrow funcName + ' - FATAL - jsonFormInfo - The field \"triggerURL\" in array element [' + fi + '] is either missing, not a string, or empty.';\n        \t\t} else if (typeof formInfo[fi].URLUser === \"undefined\" || typeof formInfo[fi].URLUser !== \"string\" || formInfo[fi].URLUser.length === 0) {\n        \t\t\tthrow funcName + ' - FATAL - jsonFormInfo - The field \"URLUser\" in array element [' + fi + '] is either missing, not a string, or empty.';\n           \t\t}\n\t\t    }\n\t\t}\n\t} catch (e) {\n\t    console.log(e);\n\t    return null;\n\t}\n\treturn formInfo;\n}\n\n\n/**\n * ---------------------------------------------------------------------------------------------------------------------\n * \n * Searches for the corresponding formInfo entry based on position or Form name.\n * \n * @param {object}[] Form info object array\n * @param {String} or {number} containing the element identifier to return\n * \n * @returns {object} Form Info element matching the posOrName.\n *   Returns null if not found.\n * \n * ---------------------------------------------------------------------------------------------------------------------\n */\nfunction findFormInfo(formInfo, posOrName) {\n\tvar funcName = \"findFormInfo\";\n    if (typeof posOrName === \"number\") {\n        if (posOrName >= 0 && posOrName < formInfo.length) {\n            return formInfo[posOrName];\n        }\n    } else {\n        for (var i in formInfo) {\n            if (posOrName.trim().equalsIgnoreCase(formInfo[i].formName.trim())) {\n                return formInfo[i];\n            }\n        }\n    }\n\n\tvar msg = funcName + ' - FATAL - Unable to find Form Info corresponding to the specified Form in the Criteria '\n\tif (typeof posOrName === \"number\") {\n\t\tmsg += 'at position ' + posOrName;\n\t} else {\n\t\tmsg += 'with name ' + posOrName;\n\t}\n\tconsole.log(msg);\n\n    return null;\n}\n\n\n/**\n * ---------------------------------------------------------------------------------------------------------------------\n * \n * Given a planName and formName, returns the array of response options.\n * \n * @param {String} Name of an existing Communication Plan in the xMatters environment.\n * @param {String} Name of an existing Form in the above mentioned Communication Plan.\n * \n * @returns {object}[] Contains the array of response options for the matching form.  \n *   Empty array returned if not found, or if there are simply no response options defined.\n * \n * ---------------------------------------------------------------------------------------------------------------------\n */\nvar getResponseOptions = function(planName, formName) {\n    var funcName = \"util.getResponseOptions\";\n    console.log(\"Enter \" + funcName + \" - planName: \" + planName + \", formName: \" + formName);\n    var responseOptions = [];\n    \n    var response = callxMatters(\n        'GET',\n        '/api/xm/1/plans/' + encodeURIComponent(planName) + '/forms?embed=responseOptions'\n        );\n\n    if (isValidStatusCode(response.statusCode)) {\n        var body = JSON.parse(response.body);\n        console.log(funcName + ' - body.total: ' + body.total + ', body.count: ' + body.count);\n        for (var f in body.data) {\n            if (formName.equalsIgnoreCase(body.data[f].name) &&\n                (body.data[f].responseOptions.count > 0)) {\n                responseOptions = body.data[f].responseOptions.data;\n                break;\n            }\n        }\n    }\n    \n    // console.log(\"Exit \" + funcName + \" - responseOptions: \" + JSON.stringify(responseOptions,null,4));\n    return responseOptions;\n};\nexports.geResponseOptions = getResponseOptions;\n\n\n/**\n * ---------------------------------------------------------------------------------------------------------------------\n * \n * Takes an array of response option text and returns a corresponding array of Response Option IDs suitable for use\n * in calls to trigger an event via the xM API.\n * \n * @param {object}[] Response Option details for the associated form as returned by a call to\n *   GET /plans/{id}/forms?embed=responseOptions (specifically the responseOptions.data field)\n * @param {String} Comma separated list of values that match the start of (if not the whole value) of the \n *   text in the Response column as defined in the Form (e.g. \"Accept,Ignore,Comment,Resolve\").\n *   Note: The order is the order that the response options will be set to in the outbound notification.\n * \n * @returns {String}[] Contains the IDs matching the response options in a format sutable for use in trigger event\n * \n * ---------------------------------------------------------------------------------------------------------------------\n */\nvar getResponseOptionIds = function(formResponseOptions, responseOptionText) {\n    var funcName = \"util.getResponseOptionIds\";\n    console.log(\"Enter \" + funcName + \" - responseOptionText: \" + responseOptionText);\n    var responseOptionIds = [];\n    responseOptionTexts = responseOptionText.toLowerCase().split(\",\");\n    for (var t in responseOptionTexts) {\n        for (var o in formResponseOptions) {\n            ro = formResponseOptions[o];\n            if (ro.text.trim().toLowerCase().indexOf(responseOptionTexts[t].trim()) === 0) {\n                responseOptionIds.push({\"id\":ro.id});\n            }\n        }\n    }\n    // console.log(\"Exit \" + funcName + \" - responseOptionIds: \" + JSON.stringify(responseOptionIds,null,4));\n    return responseOptionIds;\n};\nexports.getResponseOptionIds = getResponseOptionIds;\n\n\n/**\n * ---------------------------------------------------------------------------------------------------------------------\n * \n * Checks for the presence of the required constants, and if not there, throws an exception\n * \n * @param {String} Comma separated list of Constant names that should exist in the current Communication Plan.\n * \n * @throws - Exception naming missingn constants. (And puts them in the Activity Stream via console.log())\n * \n * ---------------------------------------------------------------------------------------------------------------------\n */\nvar verifyConstants = function(requiredConstants) {\n    var missingConstants = [];\n    var rcNames = requiredConstants.split(\",\");\n    for (var rc in rcNames) {\n        var rcName = rcNames[rc];\n        if ((typeof constants[rcName] === \"undefined\") ||\n            (constants[rcName] === null) ||\n            (constants[rcName].length === 0)) {\n            missingConstants.push(rcName);\n        }\n    }\n    if (missingConstants.length > 0) {\n        var msg = \"util.verifyConstants - The following required constants are missing: \" + missingConstants.join();\n        console.log(msg);\n        throw(msg);\n    }\n}\nexports.verifyConstants = verifyConstants;\n"
  }
]